"From","To","Correlation","P.Value","adj.P.Val"
"KCNV1","LY86-AS1",0.98830118271765,2.07234598013227e-106,4.99228146613865e-102
"KCNV1","SLC26A4-AS1",0.986824927462867,3.97708027995572e-103,4.79039319720667e-99
"LINC00507","LY86-AS1",0.985043274879117,1.26108632633863e-99,1.01265232004992e-95
"LINC00507","KCNV1",0.98311152781227,2.82337464337375e-96,1.70037737897184e-92
"LY86-AS1","SLC26A4-AS1",0.978634473052295,8.42920304989578e-90,4.06119002943979e-86
"LINC00507","SLC26A4-AS1",0.973324841412057,1.05342004617112e-83,4.22948148537705e-80
"LY86-AS1","MCHR2",0.964314330354852,9.73030037152384e-76,3.34861337071442e-72
"KCNV1","MCHR2",0.963857109941982,2.1662875158514e-75,6.52323328210751e-72
"LINC01123","LINC00507",0.963752875061048,2.59615747812951e-75,6.94904818312666e-72
"MCHR2","SLC26A4-AS1",0.96142067768716,1.30473508201437e-73,3.14310681257263e-70
"KCNV1","VIP",0.958136347061469,2.19424412677119e-71,4.80539463762891e-68
"LINC00507","MCHR2",0.956177238294403,3.8507401895205e-70,7.73036093046239e-67
"SLC26A4-AS1","VIP",0.953757162045578,1.11245343587912e-68,2.06146179002523e-65
"LINC01123","KCNV1",0.953700990474022,1.20019001766445e-68,2.06518410896691e-65
"LY86-AS1","CDH9",0.953442937317466,1.69895501580342e-68,2.72852175538029e-65
"LINC01123","LY86-AS1",0.95261203305756,5.13344896674885e-68,7.72904910056123e-65
"LINC00507","VIP",0.950977893984867,4.26775903704102e-67,6.04766560013637e-64
"DCTN1-AS1","STYK1",0.950645489872045,6.5079690487144e-67,8.70983191019611e-64
"STYK1","LY86-AS1",0.949980735329592,1.5001671377752e-66,1.90205401836866e-63
"LY86-AS1","VIP",0.947112606360468,4.8558973306223e-65,5.84892833473456e-62
"STYK1","LINC00507",0.945648933100351,2.65953794202175e-64,3.05086995349066e-61
"SLC26A4-AS1","CDH9",0.945534855945733,3.03043718667847e-64,3.31832871941292e-61
"STYK1","CTXN3",0.945098410779799,4.98089052673045e-64,5.21694142560593e-61
"KCNV1","CDH9",0.94271139808973,7.03375887004283e-63,7.06013546580549e-60
"LINC00507","CDH9",0.94201662997594,1.4880407821953e-62,1.4338760977234e-59
"STYK1","KCNV1",0.941482448643918,2.63089034696249e-62,2.43762109455102e-59
"PRSS3","SLC32A1",0.940486010915436,7.50917708333083e-62,6.69985466434962e-59
"STYK1","SLC26A4-AS1",0.940308596102755,9.03371498803772e-62,7.77222121649388e-59
"KCNV1","ICAM5",0.94006339348077,1.16521967313714e-61,9.67935928478404e-59
"LY86-AS1","RXFP1",0.939971959662097,1.28087960591568e-61,1.02854632355029e-58
"KCNV1","RXFP1",0.936077240852818,6.31988071172694e-60,4.91115891437103e-57
"SDR16C5","STYK1",0.934481414626456,2.91000234890217e-59,2.19068614328292e-56
"LY86-AS1","GPR22",0.934099303159055,4.17069818325688e-59,3.04460967377752e-56
"LINC01123","SLC26A4-AS1",0.93359570492262,6.68028845767772e-59,4.73318085133695e-56
"CLEC2L","KRT222",0.93285981812944,1.32092275802064e-58,9.09172264020494e-56
"KCNV1","GPR22",0.931860286924817,3.2937910635166e-58,2.20409518666986e-55
"LINC00507","LMO7",0.931137195542848,6.32446290479684e-58,4.11773814531232e-55
"LY86-AS1","ICAM5",0.930270092564659,1.37005699666152e-57,8.68544027620419e-55
"SLC26A4-AS1","RXFP1",0.929771196361444,2.12783690867328e-57,1.31434849051127e-54
"LINC00507","GPR22",0.928371968393124,7.19044786360451e-57,4.33044722585581e-54
"GPR22","SLC26A4-AS1",0.928159794088235,8.62991257647769e-57,5.07059985286213e-54
"LINC01123","MCHR2",0.92706585410665,2.19173938727313e-56,1.25711909141452e-53
"TMEM191A","LY86-AS1",0.926913157950536,2.49337511554244e-56,1.3968699193818e-53
"DCTN1-AS1","GABRA4",0.9268247999003,2.6861849185124e-56,1.47068624288554e-53
"SDR16C5","CTXN3",0.926409711764735,3.80680006453088e-56,2.03790696787887e-53
"MCHR2","RASAL1",0.9263299420136,4.06966186915831e-56,2.13126422669617e-53
"KCNV1","RASAL1",0.924901794546338,1.32821761160149e-55,6.8078217581872e-53
"LINC00507","RXFP1",0.924578871601345,1.72988312299893e-55,8.68185092355087e-53
"DCTN1-AS1","PHF24",0.923305637136753,4.8474919504066e-55,2.38318532827133e-52
"ANKRD34C","SDR16C5",0.923140361398288,5.53398622552281e-55,2.66627456345689e-52
"TMEM191A","KCNV1",0.923051209237197,5.94308930796834e-55,2.80723571429328e-52
"MCHR2","ICAM5",0.922679314887034,7.99498499459253e-55,3.70383054845642e-52
"LY86-AS1","RASAL1",0.921228349279205,2.50759572932321e-54,1.13977322866785e-51
"TMEM191A","KCNH3",0.921175370220821,2.61338344950408e-54,1.16585939441765e-51
"DCTN1-AS1","CAMK2A",0.919587247646828,8.8998839146476e-54,3.89227715372146e-51
"ICAM5","RASAL1",0.919565622610009,9.04804983845587e-54,3.89227715372146e-51
"TMEM191A","LINC00507",0.919527748885719,9.31340904864042e-54,3.93614077160961e-51
"LINC01123","VIP",0.918833696144046,1.5778821749703e-53,6.55365199914388e-51
"STYK1","MCHR2",0.918526321282333,1.98986722562854e-53,8.12472906193079e-51
"ICAM5","SLC26A4-AS1",0.918493629110084,2.03946557789382e-53,8.18845429524368e-51
"MCHR2","RXFP1",0.916513144917066,8.89258320259775e-53,3.5118414647636e-50
"STYK1","VIP",0.914667694572904,3.39480142225812e-52,1.31904461713223e-49
"LINC00507","ICAM5",0.914145568213506,4.93206162374438e-52,1.88592642088892e-49
"GLS2","PRSS3",0.912307232492877,1.80321529133208e-51,6.78741505752965e-49
"TMEM191A","SLC26A4-AS1",0.911363126044974,3.47060494160662e-51,1.28625958528159e-48
"LY86-AS1","LMO7",0.90933170403106,1.38556038900514e-50,5.05729541986877e-48
"STYK1","LINC01123",0.908826554520878,1.94506526805816e-50,6.99352571754045e-48
"SLC26A4-AS1","RASAL1",0.908460327139275,2.48425422167099e-50,8.80083591177268e-48
"DCTN1-AS1","SDR16C5",0.908415997969446,2.55875052115595e-50,8.93337681951404e-48
"STYK1","GPR22",0.90764137935644,4.27767706736327e-50,1.47213200789687e-47
"MCHR2","VIP",0.907595458157345,4.40937241769874e-50,1.49608143017412e-47
"RXFP1","CDH9",0.906690402405328,7.9895733565099e-50,2.67317808553227e-47
"ANKRD34C","GABRA4",0.906570804494754,8.63851425572776e-50,2.85070970439016e-47
"TMEM191A","LINC01123",0.906294032983752,1.03454839129701e-49,3.36787442518176e-47
"PRSS3","PRSS2",0.906003935289877,1.24902846756061e-49,4.01187943780469e-47
"PHF24","CAMK2A",0.904715455939895,2.86286853702387e-49,9.07453987590856e-47
"STYK1","CREG2",0.90468345293516,2.92202074305265e-49,9.14175061040757e-47
"MCHR2","CDH9",0.904501740851601,3.28136776728382e-49,1.01343781428035e-46
"ANKRD34C","DCTN1-AS1",0.904249693407974,3.85262704343445e-49,1.17480741109286e-46
"CREG2","KCNV1",0.904220642452829,3.92444631144127e-49,1.18174889553275e-46
"VIP","CDH9",0.904045201365518,4.38698347189703e-49,1.30472138071604e-46
"DCTN1-AS1","CTXN3",0.903435640943486,6.4500677978748e-49,1.89490406403419e-46
"DCTN1-AS1","LINC00507",0.903291864258329,7.06132309667658e-49,2.04948522167396e-46
"LINC01123","GPR22",0.903262551892466,7.19275427581803e-49,2.0627791726721e-46
"CPLX2","SVOP",0.90312155968491,7.85929150773876e-49,2.2274156755462e-46
"CCKBR","KCNV1",0.902278259181576,1.33156421801295e-48,3.72992814092232e-46
"GPR22","VIP",0.902024414102112,1.55912135162301e-48,4.31715325983889e-46
"ICAM5","CDH9",0.901917789268997,1.66572855068978e-48,4.55993190751326e-46
"STYK1","CDH9",0.901312807225579,2.42082078898859e-48,6.55253627041969e-46
"CCKBR","SLC26A4-AS1",0.901044634760137,2.85493399474167e-48,7.64170665925854e-46
"GLS2","SLC32A1",0.900899846005202,3.12022899873571e-48,8.2600347889608e-46
"PHF24","STYK1",0.900705344548023,3.51506328968967e-48,9.1993520948859e-46
"LINC01123","ICAM5",0.900688523245291,3.55143107025483e-48,9.1993520948859e-46
"KCNV1","LMO7",0.899981966241474,5.46325342414679e-48,1.40010398923081e-45
"RYR2","LOC401220",0.899949937932717,5.57053817272332e-48,1.41257120611479e-45
"GABRA4","NECAB1",0.898456886185921,1.3692198144928e-47,3.43588597199287e-45
"TMEM191A","MCHR2",0.898289602080298,1.51305717440109e-47,3.7576852918889e-45
"GABRA4","STYK1",0.898086698211805,1.70755107672841e-47,4.1974393304477e-45
"STYK1","RXFP1",0.897476022896781,2.45342200528738e-47,5.96999354619928e-45
"GPR22","MCHR2",0.897422594122796,2.5321885904174e-47,6.10004231431552e-45
"PHF24","GABRA4",0.897064240555589,3.12858682183368e-47,7.46214421168052e-45
"DCTN1-AS1","LY86-AS1",0.896760243686185,3.74113092709014e-47,8.76033986392661e-45
"CARMIL2","SDR16C5",0.896758210817185,3.74559985879801e-47,8.76033986392661e-45
"LINC01123","CDH9",0.895764212544039,6.69497925097491e-47,1.55078894380755e-44
"STYK1","NECAB1",0.895182119164482,9.38157971488113e-47,2.15240243172844e-44
"GPR22","CDH9",0.895118641150514,9.73201438347153e-47,2.21173798582858e-44
"VIP","RXFP1",0.894752165385837,1.20213443091304e-46,2.70648770473786e-44
"DCTN1-AS1","SLC26A4-AS1",0.894509781288147,1.38181564036904e-46,3.08221655337871e-44
"GLS2","MTUS2",0.894336259604524,1.52640315231781e-46,3.37349100360882e-44
"KCNH3","KCNV1",0.893065828753342,3.14645722057569e-46,6.88433946383262e-44
"LINC01123","LMO7",0.893051475488237,3.17211158358415e-46,6.88433946383262e-44
"TMEM191A","STYK1",0.892777005076351,3.70416143095817e-46,7.96725436355199e-44
"LINC00507","RASAL1",0.892622845843577,4.04047825930139e-46,8.6137275457142e-44
"GABRA4","KCNV1",0.892494523571849,4.34316310026168e-46,9.17778939344771e-44
"TMEM191A","CDH9",0.891879413716258,6.13258754005494e-46,1.28464377252107e-43
"GPR26","STYK1",0.890772292737064,1.13518303509293e-45,2.35746200994731e-43
"TMEM191A","GPR22",0.890583045389104,1.26034605567262e-45,2.5950202120644e-43
"LGI3","TMEM151A",0.890235354798843,1.52660516897367e-45,3.11660326445556e-43
"GABRA4","SLC26A4-AS1",0.890117419865071,1.62890836099692e-45,3.29751280810217e-43
"LINC01123","RXFP1",0.88955310187387,2.21945442373908e-45,4.4555547556562e-43
"DCTN1-AS1","GPR26",0.889188512904567,2.70805785625641e-45,5.39149700472868e-43
"DCTN1-AS1","KCNV1",0.888684396095859,3.56157831800754e-45,7.03265751481981e-43
"PACSIN1","SLC12A5",0.888360467095958,4.24420112230584e-45,8.3124231736868e-43
"GLS2","SDR16C5",0.887940541570726,5.32314487746484e-45,1.03414967821071e-42
"GABRA4","CTXN3",0.887292479533966,7.53731586706778e-45,1.4525915139013e-42
"KCNH3","LY86-AS1",0.886745393204808,1.00928047229179e-44,1.92964814107216e-42
"CAMK2A","GABRA4",0.886287944078594,1.28686349393027e-44,2.4409875251008e-42
"LMO7","VIP",0.885778584594542,1.68459856709134e-44,3.17046714697112e-42
"ANKRD34C","CTXN3",0.885718780132821,1.73857253828303e-44,3.24668313544483e-42
"BSN","CPLX2",0.885415150002946,2.03991644585741e-44,3.78012209082346e-42
"DCTN1-AS1","TMEM191A",0.885173998022701,2.31530308989569e-44,4.25768331569368e-42
"SLC32A1","CCKBR",0.882809071312004,7.89763466628603e-44,1.4413183265972e-41
"KCNH3","MCHR2",0.882537880912656,9.07548047119671e-44,1.64382198910623e-41
"SDR16C5","PHF24",0.882227104864739,1.06382943393521e-43,1.91251127339546e-41
"GPR26","LINC00507",0.8818444475036,1.29290804053277e-43,2.30712257010626e-41
"CNNM1","SDR16C5",0.88181456868463,1.31270922720228e-43,2.32523274141933e-41
"CNNM1","ANKRD34A",0.881215371192761,1.77897354088013e-43,3.12813668611695e-41
"LINC00507","KCNH3",0.881146397099167,1.84212257377603e-43,3.21570527552642e-41
"CCKBR","LY86-AS1",0.880986099278441,1.99751043204256e-43,3.46187239625217e-41
"CREG2","LINC00507",0.880868064289323,2.12009072820398e-43,3.64807040303099e-41
"TMEM191A","ICAM5",0.880775562823413,2.22129096042908e-43,3.79509923664799e-41
"CAMK2A","STYK1",0.879888584612757,3.46688522123419e-43,5.88149753376984e-41
"CREG2","LY86-AS1",0.879782636563147,3.65536474490357e-43,6.15788368564524e-41
"LMO7","CDH9",0.879720227988944,3.77106090164428e-43,6.30867063337574e-41
"CREG2","SLC26A4-AS1",0.8795538450778,4.09737521333132e-43,6.80729440614838e-41
"STYK1","RASAL1",0.879320054464005,4.60320142812659e-43,7.59528235640887e-41
"DCTN1-AS1","MCHR2",0.879227197674566,4.82069882791005e-43,7.90004318124852e-41
"SDR16C5","GABRA4",0.878427773719846,7.16218112234813e-43,1.16579015700923e-40
"KCNV1","NECAB1",0.87841088483825,7.22211814471924e-43,1.1676565510489e-40
"PRSS3","EGR4",0.878307510200331,7.59986814563792e-43,1.22053882418945e-40
"STYK1","ICAM5",0.878243721400193,7.84257570679152e-43,1.25117648196429e-40
"EGR4","CCKBR",0.8779467078893,9.07669078079e-43,1.43853605861336e-40
"GABRA4","CCKBR",0.877901008367631,9.28278695284272e-43,1.46158390649661e-40
"LINC01123","KCNH3",0.877759228876825,9.95187266914488e-43,1.55675722467338e-40
"CTXN3","LY86-AS1",0.877133163620788,1.35185466246167e-42,2.10104379475495e-40
"ANKRD34A","KCNJ9",0.876951115933646,1.47732095982227e-42,2.28132448218708e-40
"DCTN1-AS1","LINC01123",0.876913768729454,1.50443977032686e-42,2.3084047176544e-40
"STYK1","AKAP5",0.876810610809731,1.58191140719456e-42,2.41191429109601e-40
"CTXN3","NECAB1",0.876656694228538,1.70483913360834e-42,2.58299212129716e-40
"GPR26","CREG2",0.876642735516051,1.71644067224698e-42,2.58431598715185e-40
"ICAM5","VIP",0.876282919351317,2.04375843750084e-42,3.05802116517983e-40
"CTXN3","LINC00507",0.876089855920471,2.24390218965759e-42,3.33676566350934e-40
"GABRA4","LY86-AS1",0.875994599010455,2.34962315960284e-42,3.47254122176885e-40
"GPR22","RXFP1",0.87553351611734,2.93458400325974e-42,4.31061759991018e-40
"ANKRD34C","CNNM1",0.87533016062331,3.23598306465795e-42,4.7245352744006e-40
"TMEM191A","VIP",0.875197104368571,3.44943187260162e-42,5.00583215728753e-40
"ICAM5","RXFP1",0.874965519175484,3.85439221086338e-42,5.54398452706624e-40
"SDR16C5","CAMK2A",0.874959082241614,3.86629057927409e-42,5.54398452706624e-40
"PHF24","CTXN3",0.874626291314596,4.53313981101732e-42,6.46173597913653e-40
"GLS2","DCTN1-AS1",0.874609896337281,4.56876129999832e-42,6.47420351276232e-40
"CAMK2A","CTXN3",0.874537737761145,4.72883592898284e-42,6.66185131749687e-40
"ANKRD34C","GLS2",0.874329877663611,5.22136813271515e-42,7.31295106494814e-40
"SPTBN4","SVOP",0.873914384855402,6.36163518989189e-42,8.8584850707801e-40
"LINC01123","RASAL1",0.873672809054982,7.13355596872119e-42,9.8762852463502e-40
"GPR26","LINC01123",0.873329074860492,8.39267902316714e-42,1.15531221524626e-39
"CNNM1","DCTN1-AS1",0.873062846783309,9.51559610759133e-42,1.30244721722656e-39
"CDH9","RASAL1",0.872917314115927,1.01905035198854e-41,1.38694480109626e-39
"KCNH3","ICAM5",0.872776462693006,1.08883774748801e-41,1.47360119870708e-39
"GPR22","ICAM5",0.872456392222166,1.26534028438622e-41,1.70290767881922e-39
"CCKBR","MCHR2",0.871810297175478,1.71149122206974e-41,2.29054575220334e-39
"PRSS3","CCKBR",0.871780231960135,1.73564563022458e-41,2.31003885260277e-39
"NECAB1","SLC26A4-AS1",0.871555627338386,1.92699843265308e-41,2.5506259473963e-39
"BSN","SVOP",0.871270021309268,2.20046428072847e-41,2.89667674987699e-39
"ANKRD34C","STYK1",0.871237122407109,2.23431404129264e-41,2.9252513725402e-39
"KCNH3","RASAL1",0.871173853532871,2.30085493591553e-41,2.99608623817325e-39
"GABRA4","LINC00507",0.871135881814609,2.34172079255928e-41,3.02158211852997e-39
"EGR4","FNDC9",0.871132384455208,2.34552036598217e-41,3.02158211852997e-39
"CREG2","MCHR2",0.87085506311553,2.66688804704235e-41,3.41730494964097e-39
"ANKRD34C","EGR4",0.870487691841986,3.15994884181906e-41,4.0276808253662e-39
"PACSIN1","GABRA1",0.870242425092142,3.53787489753943e-41,4.48565296219605e-39
"RXFP1","RASAL1",0.869651636586319,4.6399491028426e-41,5.85216617211928e-39
"CTXN3","CDH9",0.869189615293183,5.73079571176792e-41,7.19035774460881e-39
"CREG2","RASAL1",0.868817896682162,6.7879782594664e-41,8.47266301919925e-39
"GPR26","BTBD9",0.868452362256182,8.01353412597709e-41,9.95082665437052e-39
"KCNH3","SLC26A4-AS1",0.868206491310537,8.957537960162e-41,1.10660045877078e-38
"CARMIL2","SLC6A17",0.868139555492036,9.2329091924235e-41,1.13479991043613e-38
"CNNM1","PHF24",0.867646921595629,1.15318317361778e-40,1.41016155596204e-38
"CTXN3","KCNV1",0.867163499837563,1.43309926348042e-40,1.74360410390118e-38
"GJB6","CAMK2A",0.867096430605309,1.47686520774239e-40,1.78782325902082e-38
"STYK1","SNAI3-AS1",0.866985769762974,1.55196249808702e-40,1.86933882894581e-38
"TMEM191A","CCKBR",0.866667808546701,1.78922760373365e-40,2.14440263551958e-38
"SLC12A5","SYN2",0.866500082334546,1.92838229071777e-40,2.29594926062449e-38
"CCKBR","LINC00507",0.866492711716658,1.93473515943035e-40,2.29594926062449e-38
"KCNH3","CDH9",0.866362720680586,2.05021387677363e-40,2.42106138683709e-38
"CTXN3","SLC26A4-AS1",0.865973371319389,2.43811053208579e-40,2.8650772057535e-38
"TMEM191A","GABRA4",0.865791419953126,2.64326327855989e-40,3.09107827089843e-38
"GABRA4","VIP",0.865729924858247,2.71636023691405e-40,3.16121343513331e-38
"GPR26","KCNV1",0.865597346508754,2.88076923646139e-40,3.33642937049783e-38
"STYK1","CARTPT",0.86526680860825,3.3344040878221e-40,3.84333944859495e-38
"ANKRD34C","HAR1A",0.865155748039425,3.50202874742127e-40,4.01732726311326e-38
"TMEM191A","RXFP1",0.864733716143757,4.21786934457535e-40,4.81556741757442e-38
"SLC26A4-AS1","LMO7",0.864667261103473,4.34297417623185e-40,4.93501169365214e-38
"CTXN3","CARTPT",0.864558500844808,4.55562441108025e-40,5.15234704520767e-38
"EGR4","TMEM191A",0.86410078760261,5.56828285410625e-40,6.26822121287008e-38
"SDR16C5","LY86-AS1",0.863778719784091,6.41018243353245e-40,7.18238580575799e-38
"CACNG3","LINC00889",0.863351330657155,7.72280838251385e-40,8.61307657105365e-38
"CCKBR","LINC01123",0.863333185100642,7.78402386237666e-40,8.64134261956929e-38
"GLS2","RYR2",0.863292706561034,7.92230330944825e-40,8.754508565349e-38
"DCTN1-AS1","VIP",0.86307873904529,8.69428935828061e-40,9.56371829410867e-38
"ANKRD34C","PHF24",0.862848335796414,9.60820804697148e-40,1.05209878114338e-37
"DCTN1-AS1","GJB6",0.862731842478861,1.01055483869625e-39,1.1015505006422e-37
"CCKBR","VIP",0.862030078310043,1.36825785639535e-39,1.48474467389927e-37
"ANKRD34C","CARMIL2",0.861797017050899,1.51257096837344e-39,1.63398361561059e-37
"BSN","PPFIA3",0.861554564888247,1.67854875715876e-39,1.8051892660694e-37
"LY86-AS1","NECAB1",0.861536711933965,1.69145407415766e-39,1.81098349539814e-37
"CREG2","VIP",0.861499764290571,1.71847250041816e-39,1.83177002367582e-37
"VIP","RASAL1",0.861344171678807,1.83697651232798e-39,1.94203931633835e-37
"ICAM5","LOC100132207",0.861342814501362,1.83804468296033e-39,1.94203931633835e-37
"DCTN1-AS1","GPR22",0.861036931600594,2.09501947196865e-39,2.20388729605785e-37
"LINC01123","LOC100132207",0.860799460743999,2.31854732888713e-39,2.42842631099526e-37
"STYK1","LMO7",0.86070193789413,2.41698226387419e-39,2.52056721804022e-37
"DCTN1-AS1","CDH9",0.86039492018387,2.7544320193854e-39,2.86009773047389e-37
"DCTN1-AS1","NECAB1",0.859997782420184,3.26024957395791e-39,3.37079022474876e-37
"KCNV1","LOC100132207",0.859956633532245,3.3176031540644e-39,3.41542991373553e-37
"GLS2","SPTB",0.859603509358602,3.85229085709228e-39,3.94900794669587e-37
"EGR4","SLC6A17",0.859466297893518,4.08213229416413e-39,4.16688843078025e-37
"ANKRD34C","GJB6",0.85940564259867,4.1879768856664e-39,4.25689296100015e-37
"CREG2","ICAM5",0.858894263162594,5.1942887793681e-39,5.25758053340242e-37
"PACSIN1","SYN2",0.858728839699468,5.56801352236397e-39,5.61227806501038e-37
"KCNH3","RXFP1",0.858561259467083,5.97349921036262e-39,5.99589983240147e-37
"GLS2","CARMIL2",0.858271744238096,6.74338848777922e-39,6.74059040126977e-37
"SLC12A5","SYNPR",0.858176884684561,7.01622228315436e-39,6.98433036368548e-37
"CNNM1","LGI3",0.857794160563067,8.23140263113424e-39,8.16026705284049e-37
"SDR16C5","SLC32A1",0.857659243798456,8.70722598929974e-39,8.59660139681274e-37
"TMEM191A","RASAL1",0.8573244129142,1.00078589919186e-38,9.84038053531916e-37
"PRSS2","PRSS3P2",0.857239162106874,1.03683713936992e-38,1.01534173526103e-36
"CCKBR","GPR22",0.857177824021457,1.0635616346298e-38,1.03729553758024e-36
"SLC32A1","EGR4",0.857049179841286,1.12182599153065e-38,1.08970919903118e-36
"STYK1","BTBD9",0.857031062495293,1.1302792904911e-38,1.0935111689932e-36
"CCKBR","ICAM5",0.856722150174591,1.28441841639872e-38,1.2376655860418e-36
"GLS2","PHF24",0.856622989302545,1.33813865497869e-38,1.28429323499747e-36
"GPR26","LY86-AS1",0.856504285332655,1.40535218435957e-38,1.34344976671516e-36
"SDR16C5","HAR1A",0.856389161656771,1.47369971682877e-38,1.40321842602391e-36
"GPR22","LMO7",0.85629708381672,1.53070447745234e-38,1.45175869534752e-36
"CARMIL2","IQSEC3",0.856278661106453,1.54236699574885e-38,1.45708317363097e-36
"DCTN1-AS1","CREG2",0.855856986232299,1.8344783020081e-38,1.7255364976741e-36
"PHF24","CREG2",0.855848531196477,1.84085877917079e-38,1.7255364976741e-36
"GPR22","NECAB1",0.85577235172703,1.89933769894954e-38,1.77345136308893e-36
"PRSS3","SPTB",0.855631743981692,2.01210238252089e-38,1.86500927257021e-36
"CCKBR","FNDC9",0.855630803388633,2.012878417884e-38,1.86500927257021e-36
"LOC285147","IPCEF1",0.855504877165217,2.11947059290804e-38,1.95624699552317e-36
"CLEC2L","SVOP",0.85530296763126,2.30205108461518e-38,2.11665689421297e-36
"DCTN1-AS1","NPM2",0.854969966908939,2.63744819972439e-38,2.41382199391971e-36
"ANKRD34C","CARTPT",0.854962694124832,2.64528437689832e-38,2.41382199391971e-36
"GABRA4","LINC01123",0.854749836230873,2.88503201582245e-38,2.62265740608162e-36
"SDR16C5","NECAB1",0.85468488825515,2.96234207315748e-38,2.6828128023445e-36
"CNNM1","WEE1",-0.854529731091744,3.1553578598205e-38,2.84691276565827e-36
"SDR16C5","LINC00507",0.854439488217728,3.27324297467445e-38,2.94225459925028e-36
"DCTN1-AS1","WEE1",-0.854409332265131,3.31359145101419e-38,2.96745048531345e-36
"MCHR2","LOC100132207",0.853915225596526,4.04863564467063e-38,3.61228269185613e-36
"KRT222","SVOP",0.853855273775635,4.14805124841897e-38,3.68732673706321e-36
"CARMIL2","CNNM1",0.853548313361695,4.69583770589077e-38,4.15892390937164e-36
"SLC32A1","CREG2",0.853537792686333,4.71581966177245e-38,4.16132218505855e-36
"SDR16C5","LRTM2",0.853499367896293,4.78951159646643e-38,4.21092461163782e-36
"SDR16C5","RFPL2",0.853460928244148,4.86436270070294e-38,4.26118172581577e-36
"CNNM1","STYK1",0.853051455319421,5.73650548252749e-38,5.0069716331191e-36
"GLS2","CCKBR",0.852793025574711,6.36411321069798e-38,5.53471073089221e-36
"CREG2","LINC01123",0.852477505349426,7.22225238499327e-38,6.25841942282331e-36
"DLG2","SYN2",0.852360858723113,7.56744762336998e-38,6.53404348555494e-36
"ANKRD34C","TMEM191A",0.852276170625513,7.828163300204e-38,6.73501621078266e-36
"GPR26","PHF24",0.852151078958381,8.22946654761586e-38,7.05508359900591e-36
"SDR16C5","CREG2",0.852016169568987,8.6849054381054e-38,7.41912666680706e-36
"CARMIL2","CPNE9",0.851961974307958,8.874748541934e-38,7.55451209806325e-36
"ANKRD34C","SLC6A17",0.851863817722674,9.22900976712785e-38,7.82103054845485e-36
"GPR26","NPM2",0.851857365778957,9.25277586678968e-38,7.82103054845485e-36
"IQSEC3","SLC12A5",0.851654422131742,1.00317765224459e-37,8.44984253236786e-36
"ANKRD34C","CCKBR",0.851613947193893,1.01946674226934e-37,8.55712676699246e-36
"ANKRD34C","CAMK2A",0.85117036868717,1.21590566688588e-37,1.01705442761392e-35
"CARTPT","KCNV1",0.851159608101869,1.22110559972752e-37,1.01786968503239e-35
"CCKBR","RASAL1",0.851112777459787,1.24399133958183e-37,1.0333707369147e-35
"ANKRD34C","PRSS3",0.85096108232184,1.3210520902283e-37,1.09236869319036e-35
"GLS2","HAR1A",0.850955294488124,1.32408326447316e-37,1.09236869319036e-35
"PRSS3","RYR2",0.85074633272196,1.43821216774182e-37,1.18247546487715e-35
"SDR16C5","KCNV1",0.850735000741535,1.44467001981454e-37,1.18374492439906e-35
"GABRA4","GPR22",0.850716491197505,1.45527947193695e-37,1.18839601623597e-35
"MARCH11","SVOP",0.850569217988054,1.54246441473153e-37,1.25533674834063e-35
"LINC00507","NECAB1",0.850098597740215,1.85686836633254e-37,1.50612656380306e-35
