"Trees","OOBError"
1,0.208333333333333
2,0.171052631578947
3,0.139784946236559
4,0.123809523809524
5,0.104347826086957
6,0.100840336134454
7,0.0991735537190083
8,0.0967741935483871
9,0.112
10,0.0859375
11,0.0852713178294574
12,0.108527131782946
13,0.116279069767442
14,0.10077519379845
15,0.115384615384615
16,0.1
17,0.107692307692308
18,0.107692307692308
19,0.115384615384615
20,0.115384615384615
21,0.123076923076923
22,0.115384615384615
23,0.107692307692308
24,0.107692307692308
25,0.0923076923076923
26,0.0846153846153846
27,0.0846153846153846
28,0.0769230769230769
29,0.0846153846153846
30,0.0923076923076923
31,0.0923076923076923
32,0.0846153846153846
33,0.0846153846153846
34,0.0846153846153846
35,0.0846153846153846
36,0.0846153846153846
37,0.0846153846153846
38,0.0769230769230769
39,0.0846153846153846
40,0.0846153846153846
41,0.0846153846153846
42,0.0769230769230769
43,0.0846153846153846
44,0.0923076923076923
45,0.0769230769230769
46,0.0769230769230769
47,0.0769230769230769
48,0.0692307692307692
49,0.0769230769230769
50,0.0769230769230769
51,0.0846153846153846
52,0.0692307692307692
53,0.0846153846153846
54,0.0692307692307692
55,0.0692307692307692
56,0.0692307692307692
57,0.0769230769230769
58,0.0692307692307692
59,0.0615384615384615
60,0.0615384615384615
61,0.0615384615384615
62,0.0615384615384615
63,0.0615384615384615
64,0.0692307692307692
65,0.0692307692307692
66,0.0615384615384615
67,0.0692307692307692
68,0.0769230769230769
69,0.0692307692307692
70,0.0692307692307692
71,0.0692307692307692
72,0.0692307692307692
73,0.0692307692307692
74,0.0769230769230769
75,0.0692307692307692
76,0.0692307692307692
77,0.0769230769230769
78,0.0769230769230769
79,0.0615384615384615
80,0.0692307692307692
81,0.0615384615384615
82,0.0692307692307692
83,0.0692307692307692
84,0.0615384615384615
85,0.0692307692307692
86,0.0692307692307692
87,0.0692307692307692
88,0.0615384615384615
89,0.0615384615384615
90,0.0615384615384615
91,0.0692307692307692
92,0.0692307692307692
93,0.0692307692307692
94,0.0692307692307692
95,0.0692307692307692
96,0.0692307692307692
97,0.0692307692307692
98,0.0692307692307692
99,0.0692307692307692
100,0.0692307692307692
101,0.0692307692307692
102,0.0692307692307692
103,0.0692307692307692
104,0.0692307692307692
105,0.0692307692307692
106,0.0692307692307692
107,0.0692307692307692
108,0.0692307692307692
109,0.0692307692307692
110,0.0692307692307692
111,0.0692307692307692
112,0.0692307692307692
113,0.0692307692307692
114,0.0692307692307692
115,0.0692307692307692
116,0.0692307692307692
117,0.0692307692307692
118,0.0692307692307692
119,0.0692307692307692
120,0.0692307692307692
121,0.0692307692307692
122,0.0692307692307692
123,0.0692307692307692
124,0.0692307692307692
125,0.0692307692307692
126,0.0692307692307692
127,0.0692307692307692
128,0.0692307692307692
129,0.0692307692307692
130,0.0692307692307692
131,0.0692307692307692
132,0.0692307692307692
133,0.0692307692307692
134,0.0692307692307692
135,0.0692307692307692
136,0.0692307692307692
137,0.0692307692307692
138,0.0692307692307692
139,0.0769230769230769
140,0.0692307692307692
141,0.0769230769230769
142,0.0769230769230769
143,0.0769230769230769
144,0.0692307692307692
145,0.0692307692307692
146,0.0692307692307692
147,0.0692307692307692
148,0.0692307692307692
149,0.0692307692307692
150,0.0692307692307692
151,0.0692307692307692
152,0.0692307692307692
153,0.0692307692307692
154,0.0692307692307692
155,0.0692307692307692
156,0.0692307692307692
157,0.0615384615384615
158,0.0615384615384615
159,0.0615384615384615
160,0.0615384615384615
161,0.0692307692307692
162,0.0692307692307692
163,0.0692307692307692
164,0.0692307692307692
165,0.0692307692307692
166,0.0692307692307692
167,0.0692307692307692
168,0.0692307692307692
169,0.0692307692307692
170,0.0692307692307692
171,0.0692307692307692
172,0.0692307692307692
173,0.0692307692307692
174,0.0692307692307692
175,0.0692307692307692
176,0.0692307692307692
177,0.0692307692307692
178,0.0692307692307692
179,0.0692307692307692
180,0.0692307692307692
181,0.0692307692307692
182,0.0692307692307692
183,0.0692307692307692
184,0.0692307692307692
185,0.0692307692307692
186,0.0692307692307692
187,0.0692307692307692
188,0.0692307692307692
189,0.0692307692307692
190,0.0692307692307692
191,0.0692307692307692
192,0.0692307692307692
193,0.0692307692307692
194,0.0692307692307692
195,0.0692307692307692
196,0.0692307692307692
197,0.0692307692307692
198,0.0692307692307692
199,0.0692307692307692
200,0.0692307692307692
201,0.0692307692307692
202,0.0692307692307692
203,0.0692307692307692
204,0.0692307692307692
205,0.0692307692307692
206,0.0692307692307692
207,0.0692307692307692
208,0.0692307692307692
209,0.0692307692307692
210,0.0692307692307692
211,0.0692307692307692
212,0.0692307692307692
213,0.0692307692307692
214,0.0692307692307692
215,0.0692307692307692
216,0.0692307692307692
217,0.0692307692307692
218,0.0692307692307692
219,0.0692307692307692
220,0.0692307692307692
221,0.0692307692307692
222,0.0692307692307692
223,0.0692307692307692
224,0.0692307692307692
225,0.0692307692307692
226,0.0692307692307692
227,0.0692307692307692
228,0.0692307692307692
229,0.0692307692307692
230,0.0692307692307692
231,0.0692307692307692
232,0.0692307692307692
233,0.0692307692307692
234,0.0692307692307692
235,0.0692307692307692
236,0.0692307692307692
237,0.0692307692307692
238,0.0692307692307692
239,0.0692307692307692
240,0.0692307692307692
241,0.0692307692307692
242,0.0692307692307692
243,0.0692307692307692
244,0.0692307692307692
245,0.0692307692307692
246,0.0692307692307692
247,0.0692307692307692
248,0.0692307692307692
249,0.0692307692307692
250,0.0692307692307692
251,0.0692307692307692
252,0.0692307692307692
253,0.0692307692307692
254,0.0692307692307692
255,0.0692307692307692
256,0.0692307692307692
257,0.0692307692307692
258,0.0692307692307692
259,0.0692307692307692
260,0.0692307692307692
261,0.0692307692307692
262,0.0692307692307692
263,0.0692307692307692
264,0.0692307692307692
265,0.0692307692307692
266,0.0692307692307692
267,0.0692307692307692
268,0.0692307692307692
269,0.0692307692307692
270,0.0692307692307692
271,0.0692307692307692
272,0.0692307692307692
273,0.0692307692307692
274,0.0692307692307692
275,0.0692307692307692
276,0.0692307692307692
277,0.0692307692307692
278,0.0692307692307692
279,0.0692307692307692
280,0.0692307692307692
281,0.0692307692307692
282,0.0692307692307692
283,0.0692307692307692
284,0.0692307692307692
285,0.0692307692307692
286,0.0692307692307692
287,0.0692307692307692
288,0.0692307692307692
289,0.0692307692307692
290,0.0692307692307692
291,0.0692307692307692
292,0.0692307692307692
293,0.0692307692307692
294,0.0692307692307692
295,0.0692307692307692
296,0.0692307692307692
297,0.0692307692307692
298,0.0692307692307692
299,0.0692307692307692
300,0.0692307692307692
301,0.0692307692307692
302,0.0692307692307692
303,0.0692307692307692
304,0.0692307692307692
305,0.0692307692307692
306,0.0692307692307692
307,0.0692307692307692
308,0.0692307692307692
309,0.0692307692307692
310,0.0692307692307692
311,0.0692307692307692
312,0.0692307692307692
313,0.0692307692307692
314,0.0692307692307692
315,0.0692307692307692
316,0.0692307692307692
317,0.0692307692307692
318,0.0692307692307692
319,0.0692307692307692
320,0.0692307692307692
321,0.0692307692307692
322,0.0692307692307692
323,0.0692307692307692
324,0.0692307692307692
325,0.0692307692307692
326,0.0692307692307692
327,0.0692307692307692
328,0.0692307692307692
329,0.0692307692307692
330,0.0692307692307692
331,0.0692307692307692
332,0.0692307692307692
333,0.0692307692307692
334,0.0692307692307692
335,0.0692307692307692
336,0.0692307692307692
337,0.0692307692307692
338,0.0692307692307692
339,0.0692307692307692
340,0.0692307692307692
341,0.0692307692307692
342,0.0692307692307692
343,0.0692307692307692
344,0.0692307692307692
345,0.0692307692307692
346,0.0692307692307692
347,0.0692307692307692
348,0.0692307692307692
349,0.0692307692307692
350,0.0692307692307692
351,0.0692307692307692
352,0.0692307692307692
353,0.0692307692307692
354,0.0692307692307692
355,0.0692307692307692
356,0.0692307692307692
357,0.0692307692307692
358,0.0692307692307692
359,0.0692307692307692
360,0.0692307692307692
361,0.0692307692307692
362,0.0692307692307692
363,0.0692307692307692
364,0.0692307692307692
365,0.0692307692307692
366,0.0692307692307692
367,0.0692307692307692
368,0.0692307692307692
369,0.0692307692307692
370,0.0692307692307692
371,0.0692307692307692
372,0.0692307692307692
373,0.0692307692307692
374,0.0692307692307692
375,0.0692307692307692
376,0.0692307692307692
377,0.0692307692307692
378,0.0692307692307692
379,0.0692307692307692
380,0.0692307692307692
381,0.0692307692307692
382,0.0692307692307692
383,0.0692307692307692
384,0.0692307692307692
385,0.0692307692307692
386,0.0692307692307692
387,0.0692307692307692
388,0.0692307692307692
389,0.0692307692307692
390,0.0692307692307692
391,0.0692307692307692
392,0.0692307692307692
393,0.0692307692307692
394,0.0692307692307692
395,0.0692307692307692
396,0.0692307692307692
397,0.0692307692307692
398,0.0692307692307692
399,0.0692307692307692
400,0.0692307692307692
401,0.0692307692307692
402,0.0692307692307692
403,0.0692307692307692
404,0.0692307692307692
405,0.0692307692307692
406,0.0692307692307692
407,0.0692307692307692
408,0.0692307692307692
409,0.0692307692307692
410,0.0692307692307692
411,0.0692307692307692
412,0.0692307692307692
413,0.0692307692307692
414,0.0615384615384615
415,0.0615384615384615
416,0.0615384615384615
417,0.0615384615384615
418,0.0615384615384615
419,0.0615384615384615
420,0.0615384615384615
421,0.0615384615384615
422,0.0615384615384615
423,0.0615384615384615
424,0.0615384615384615
425,0.0615384615384615
426,0.0615384615384615
427,0.0615384615384615
428,0.0615384615384615
429,0.0615384615384615
430,0.0615384615384615
431,0.0615384615384615
432,0.0615384615384615
433,0.0615384615384615
434,0.0615384615384615
435,0.0615384615384615
436,0.0615384615384615
437,0.0615384615384615
438,0.0615384615384615
439,0.0615384615384615
440,0.0615384615384615
441,0.0615384615384615
442,0.0615384615384615
443,0.0615384615384615
444,0.0615384615384615
445,0.0615384615384615
446,0.0615384615384615
447,0.0615384615384615
448,0.0615384615384615
449,0.0615384615384615
450,0.0615384615384615
451,0.0615384615384615
452,0.0615384615384615
453,0.0615384615384615
454,0.0615384615384615
455,0.0615384615384615
456,0.0615384615384615
457,0.0615384615384615
458,0.0615384615384615
459,0.0615384615384615
460,0.0615384615384615
461,0.0615384615384615
462,0.0615384615384615
463,0.0615384615384615
464,0.0615384615384615
465,0.0615384615384615
466,0.0615384615384615
467,0.0615384615384615
468,0.0615384615384615
469,0.0615384615384615
470,0.0615384615384615
471,0.0615384615384615
472,0.0615384615384615
473,0.0615384615384615
474,0.0615384615384615
475,0.0615384615384615
476,0.0615384615384615
477,0.0615384615384615
478,0.0615384615384615
479,0.0615384615384615
480,0.0615384615384615
481,0.0615384615384615
482,0.0615384615384615
483,0.0615384615384615
484,0.0615384615384615
485,0.0615384615384615
486,0.0615384615384615
487,0.0615384615384615
488,0.0615384615384615
489,0.0615384615384615
490,0.0615384615384615
491,0.0615384615384615
492,0.0615384615384615
493,0.0615384615384615
494,0.0615384615384615
495,0.0615384615384615
496,0.0615384615384615
497,0.0615384615384615
498,0.0615384615384615
499,0.0615384615384615
500,0.0615384615384615
501,0.0615384615384615
502,0.0615384615384615
503,0.0615384615384615
504,0.0615384615384615
505,0.0615384615384615
506,0.0615384615384615
507,0.0615384615384615
508,0.0615384615384615
509,0.0615384615384615
510,0.0615384615384615
511,0.0615384615384615
512,0.0615384615384615
513,0.0615384615384615
514,0.0615384615384615
515,0.0615384615384615
516,0.0615384615384615
517,0.0615384615384615
518,0.0615384615384615
519,0.0615384615384615
520,0.0615384615384615
521,0.0615384615384615
522,0.0615384615384615
523,0.0615384615384615
524,0.0615384615384615
525,0.0615384615384615
526,0.0615384615384615
527,0.0615384615384615
528,0.0615384615384615
529,0.0615384615384615
530,0.0615384615384615
531,0.0615384615384615
532,0.0615384615384615
533,0.0615384615384615
534,0.0615384615384615
535,0.0615384615384615
536,0.0615384615384615
537,0.0615384615384615
538,0.0615384615384615
539,0.0615384615384615
540,0.0615384615384615
541,0.0615384615384615
542,0.0615384615384615
543,0.0615384615384615
544,0.0615384615384615
545,0.0615384615384615
546,0.0615384615384615
547,0.0615384615384615
548,0.0615384615384615
549,0.0615384615384615
550,0.0615384615384615
551,0.0615384615384615
552,0.0615384615384615
553,0.0615384615384615
554,0.0615384615384615
555,0.0615384615384615
556,0.0615384615384615
557,0.0615384615384615
558,0.0615384615384615
559,0.0538461538461538
560,0.0538461538461538
561,0.0538461538461538
562,0.0538461538461538
563,0.0538461538461538
564,0.0538461538461538
565,0.0538461538461538
566,0.0538461538461538
567,0.0538461538461538
568,0.0538461538461538
569,0.0538461538461538
570,0.0538461538461538
571,0.0538461538461538
572,0.0538461538461538
573,0.0538461538461538
574,0.0538461538461538
575,0.0538461538461538
576,0.0538461538461538
577,0.0538461538461538
578,0.0538461538461538
579,0.0538461538461538
580,0.0538461538461538
581,0.0538461538461538
582,0.0538461538461538
583,0.0538461538461538
584,0.0538461538461538
585,0.0538461538461538
586,0.0538461538461538
587,0.0538461538461538
588,0.0538461538461538
589,0.0538461538461538
590,0.0538461538461538
591,0.0538461538461538
592,0.0538461538461538
593,0.0538461538461538
594,0.0538461538461538
595,0.0538461538461538
596,0.0538461538461538
597,0.0538461538461538
598,0.0538461538461538
599,0.0538461538461538
600,0.0538461538461538
601,0.0538461538461538
602,0.0538461538461538
603,0.0538461538461538
604,0.0538461538461538
605,0.0538461538461538
606,0.0538461538461538
607,0.0538461538461538
608,0.0538461538461538
609,0.0538461538461538
610,0.0538461538461538
611,0.0538461538461538
612,0.0538461538461538
613,0.0538461538461538
614,0.0538461538461538
615,0.0538461538461538
616,0.0538461538461538
617,0.0538461538461538
618,0.0538461538461538
619,0.0538461538461538
620,0.0538461538461538
621,0.0538461538461538
622,0.0538461538461538
623,0.0538461538461538
624,0.0538461538461538
625,0.0538461538461538
626,0.0538461538461538
627,0.0538461538461538
628,0.0538461538461538
629,0.0538461538461538
630,0.0538461538461538
631,0.0538461538461538
632,0.0538461538461538
633,0.0538461538461538
634,0.0538461538461538
635,0.0538461538461538
636,0.0538461538461538
637,0.0538461538461538
638,0.0538461538461538
639,0.0538461538461538
640,0.0538461538461538
641,0.0538461538461538
642,0.0538461538461538
643,0.0538461538461538
644,0.0538461538461538
645,0.0538461538461538
646,0.0538461538461538
647,0.0538461538461538
648,0.0538461538461538
649,0.0538461538461538
650,0.0538461538461538
651,0.0538461538461538
652,0.0538461538461538
653,0.0538461538461538
654,0.0538461538461538
655,0.0538461538461538
656,0.0538461538461538
657,0.0538461538461538
658,0.0538461538461538
659,0.0538461538461538
660,0.0538461538461538
661,0.0538461538461538
662,0.0538461538461538
663,0.0538461538461538
664,0.0538461538461538
665,0.0538461538461538
666,0.0538461538461538
667,0.0538461538461538
668,0.0538461538461538
669,0.0538461538461538
670,0.0538461538461538
671,0.0538461538461538
672,0.0538461538461538
673,0.0538461538461538
674,0.0538461538461538
675,0.0538461538461538
676,0.0538461538461538
677,0.0538461538461538
678,0.0538461538461538
679,0.0538461538461538
680,0.0538461538461538
681,0.0538461538461538
682,0.0538461538461538
683,0.0538461538461538
684,0.0538461538461538
685,0.0538461538461538
686,0.0538461538461538
687,0.0538461538461538
688,0.0538461538461538
689,0.0538461538461538
690,0.0538461538461538
691,0.0538461538461538
692,0.0538461538461538
693,0.0538461538461538
694,0.0538461538461538
695,0.0538461538461538
696,0.0538461538461538
697,0.0538461538461538
698,0.0538461538461538
699,0.0538461538461538
700,0.0538461538461538
701,0.0538461538461538
702,0.0538461538461538
703,0.0538461538461538
704,0.0538461538461538
705,0.0538461538461538
706,0.0538461538461538
707,0.0538461538461538
708,0.0538461538461538
709,0.0538461538461538
710,0.0538461538461538
711,0.0538461538461538
712,0.0538461538461538
713,0.0538461538461538
714,0.0538461538461538
715,0.0538461538461538
716,0.0538461538461538
717,0.0538461538461538
718,0.0538461538461538
719,0.0538461538461538
720,0.0538461538461538
721,0.0538461538461538
722,0.0538461538461538
723,0.0538461538461538
724,0.0538461538461538
725,0.0538461538461538
726,0.0538461538461538
727,0.0538461538461538
728,0.0538461538461538
729,0.0538461538461538
730,0.0538461538461538
731,0.0538461538461538
732,0.0538461538461538
733,0.0538461538461538
734,0.0538461538461538
735,0.0538461538461538
736,0.0538461538461538
737,0.0538461538461538
738,0.0538461538461538
739,0.0538461538461538
740,0.0538461538461538
741,0.0538461538461538
742,0.0538461538461538
743,0.0538461538461538
744,0.0538461538461538
745,0.0538461538461538
746,0.0538461538461538
747,0.0538461538461538
748,0.0538461538461538
749,0.0538461538461538
750,0.0538461538461538
751,0.0538461538461538
752,0.0538461538461538
753,0.0538461538461538
754,0.0538461538461538
755,0.0538461538461538
756,0.0538461538461538
757,0.0538461538461538
758,0.0538461538461538
759,0.0538461538461538
760,0.0538461538461538
761,0.0538461538461538
762,0.0538461538461538
763,0.0538461538461538
764,0.0538461538461538
765,0.0538461538461538
766,0.0538461538461538
767,0.0538461538461538
768,0.0538461538461538
769,0.0538461538461538
770,0.0538461538461538
771,0.0538461538461538
772,0.0538461538461538
773,0.0538461538461538
774,0.0538461538461538
775,0.0538461538461538
776,0.0538461538461538
777,0.0538461538461538
778,0.0538461538461538
779,0.0538461538461538
780,0.0538461538461538
781,0.0538461538461538
782,0.0538461538461538
783,0.0538461538461538
784,0.0538461538461538
785,0.0538461538461538
786,0.0538461538461538
787,0.0538461538461538
788,0.0538461538461538
789,0.0538461538461538
790,0.0538461538461538
791,0.0538461538461538
792,0.0538461538461538
793,0.0538461538461538
794,0.0538461538461538
795,0.0538461538461538
796,0.0538461538461538
797,0.0538461538461538
798,0.0538461538461538
799,0.0538461538461538
800,0.0538461538461538
801,0.0538461538461538
802,0.0538461538461538
803,0.0538461538461538
804,0.0538461538461538
805,0.0538461538461538
806,0.0538461538461538
807,0.0538461538461538
808,0.0538461538461538
809,0.0538461538461538
810,0.0538461538461538
811,0.0538461538461538
812,0.0538461538461538
813,0.0538461538461538
814,0.0538461538461538
815,0.0538461538461538
816,0.0538461538461538
817,0.0538461538461538
818,0.0538461538461538
819,0.0538461538461538
820,0.0538461538461538
821,0.0538461538461538
822,0.0538461538461538
823,0.0538461538461538
824,0.0538461538461538
825,0.0538461538461538
826,0.0538461538461538
827,0.0538461538461538
828,0.0538461538461538
829,0.0538461538461538
830,0.0538461538461538
831,0.0538461538461538
832,0.0538461538461538
833,0.0538461538461538
834,0.0538461538461538
835,0.0538461538461538
836,0.0538461538461538
837,0.0538461538461538
838,0.0538461538461538
839,0.0538461538461538
840,0.0538461538461538
841,0.0538461538461538
842,0.0538461538461538
843,0.0538461538461538
844,0.0538461538461538
845,0.0538461538461538
846,0.0538461538461538
847,0.0538461538461538
848,0.0538461538461538
849,0.0538461538461538
850,0.0538461538461538
851,0.0538461538461538
852,0.0538461538461538
853,0.0538461538461538
854,0.0538461538461538
855,0.0538461538461538
856,0.0538461538461538
857,0.0538461538461538
858,0.0538461538461538
859,0.0538461538461538
860,0.0538461538461538
861,0.0538461538461538
862,0.0538461538461538
863,0.0538461538461538
864,0.0538461538461538
865,0.0538461538461538
866,0.0538461538461538
867,0.0538461538461538
868,0.0538461538461538
869,0.0538461538461538
870,0.0538461538461538
871,0.0538461538461538
872,0.0538461538461538
873,0.0538461538461538
874,0.0538461538461538
875,0.0538461538461538
876,0.0538461538461538
877,0.0538461538461538
878,0.0538461538461538
879,0.0538461538461538
880,0.0538461538461538
881,0.0538461538461538
882,0.0538461538461538
883,0.0538461538461538
884,0.0538461538461538
885,0.0538461538461538
886,0.0538461538461538
887,0.0538461538461538
888,0.0538461538461538
889,0.0538461538461538
890,0.0538461538461538
891,0.0538461538461538
892,0.0538461538461538
893,0.0538461538461538
894,0.0538461538461538
895,0.0538461538461538
896,0.0538461538461538
897,0.0538461538461538
898,0.0538461538461538
899,0.0538461538461538
900,0.0538461538461538
901,0.0538461538461538
902,0.0538461538461538
903,0.0538461538461538
904,0.0538461538461538
905,0.0538461538461538
906,0.0538461538461538
907,0.0538461538461538
908,0.0538461538461538
909,0.0538461538461538
910,0.0538461538461538
911,0.0538461538461538
912,0.0538461538461538
913,0.0538461538461538
914,0.0538461538461538
915,0.0538461538461538
916,0.0538461538461538
917,0.0538461538461538
918,0.0538461538461538
919,0.0538461538461538
920,0.0538461538461538
921,0.0538461538461538
922,0.0538461538461538
923,0.0538461538461538
924,0.0538461538461538
925,0.0538461538461538
926,0.0538461538461538
927,0.0538461538461538
928,0.0538461538461538
929,0.0538461538461538
930,0.0538461538461538
931,0.0538461538461538
932,0.0538461538461538
933,0.0538461538461538
934,0.0538461538461538
935,0.0538461538461538
936,0.0538461538461538
937,0.0538461538461538
938,0.0538461538461538
939,0.0538461538461538
940,0.0538461538461538
941,0.0538461538461538
942,0.0538461538461538
943,0.0538461538461538
944,0.0538461538461538
945,0.0538461538461538
946,0.0538461538461538
947,0.0538461538461538
948,0.0538461538461538
949,0.0538461538461538
950,0.0538461538461538
951,0.0538461538461538
952,0.0538461538461538
953,0.0538461538461538
954,0.0538461538461538
955,0.0538461538461538
956,0.0538461538461538
957,0.0538461538461538
958,0.0538461538461538
959,0.0538461538461538
960,0.0538461538461538
961,0.0538461538461538
962,0.0538461538461538
963,0.0538461538461538
964,0.0538461538461538
965,0.0538461538461538
966,0.0538461538461538
967,0.0538461538461538
968,0.0538461538461538
969,0.0538461538461538
970,0.0538461538461538
971,0.0538461538461538
972,0.0538461538461538
973,0.0538461538461538
974,0.0538461538461538
975,0.0538461538461538
976,0.0538461538461538
977,0.0538461538461538
978,0.0538461538461538
979,0.0538461538461538
980,0.0538461538461538
981,0.0538461538461538
982,0.0538461538461538
983,0.0538461538461538
984,0.0538461538461538
985,0.0538461538461538
986,0.0538461538461538
987,0.0538461538461538
988,0.0538461538461538
989,0.0538461538461538
990,0.0538461538461538
991,0.0538461538461538
992,0.0538461538461538
993,0.0538461538461538
994,0.0538461538461538
995,0.0538461538461538
996,0.0538461538461538
997,0.0538461538461538
998,0.0538461538461538
999,0.0538461538461538
1000,0.0538461538461538
