"Sample","LD1","LD2","Group"
"GSM1214834",6.96143329621006,0.939313000352085,"EPN"
"GSM1214835",6.59689103501053,0.522244872007337,"EPN"
"GSM1214836",5.98237684833722,2.05427423510394,"EPN"
"GSM1214837",5.24815312469087,0.826633844008699,"EPN"
"GSM1214838",6.57830891927421,1.53658925953031,"EPN"
"GSM1214839",7.08661965556405,2.23805530925071,"EPN"
"GSM1214840",7.04086256949933,1.56045047800633,"EPN"
"GSM1214841",7.05800739143255,2.30026002359519,"EPN"
"GSM1214842",5.29599481322824,1.24825636226894,"EPN"
"GSM1214843",5.97057676368934,1.8746477097988,"EPN"
"GSM1214844",7.09777637761916,0.418512860744674,"EPN"
"GSM1214845",7.95253078419519,2.11770593989222,"EPN"
"GSM1214846",6.89283483541136,2.16275321489621,"EPN"
"GSM1214847",4.82851401808831,1.42174560940882,"EPN"
"GSM1214848",7.02863514954118,1.73112752397372,"EPN"
"GSM1214849",6.74817842946746,1.42002526355359,"EPN"
"GSM1214850",6.3616772966502,0.638426513081745,"EPN"
"GSM1214851",5.87309124213413,1.26317689832458,"EPN"
"GSM1214852",6.8779903681441,1.12009070267959,"EPN"
"GSM1214853",6.17036243102122,1.36000971439236,"EPN"
"GSM1214854",7.0209432595989,1.86438744058444,"EPN"
"GSM1214855",6.39432587920024,1.86218850550399,"EPN"
"GSM1214856",6.56574687691624,1.4222419347069,"EPN"
"GSM1214857",5.63161413843505,2.00608548710422,"EPN"
"GSM1214858",7.72708476409873,2.26943957036471,"EPN"
"GSM1214859",6.76896051873839,1.82983257164657,"EPN"
"GSM1214860",7.1816002562591,0.870447716460236,"EPN"
"GSM1214861",5.63551506357461,0.150345665520021,"EPN"
"GSM1214862",5.99490243403107,2.19668691359983,"EPN"
"GSM1214863",5.65667954069527,2.74973642282505,"EPN"
"GSM1214864",8.02593578690051,1.83407196926882,"EPN"
"GSM1214865",6.23414739705929,2.09093956401533,"EPN"
"GSM1214866",6.862859176006,1.31114706009748,"EPN"
"GSM1214867",7.44124440933788,2.20689452001125,"EPN"
"GSM1214868",6.30766673705861,1.64175727579836,"EPN"
"GSM1214869",6.6314246251778,1.13406454506796,"EPN"
"GSM1214870",4.19495525303572,0.344105851731399,"EPN"
"GSM1214871",6.43667425014201,1.31603304500286,"EPN"
"GSM1214872",7.45744067906697,1.7576585483052,"EPN"
"GSM1214873",6.58174752613312,0.444642825878752,"EPN"
"GSM1214874",5.62038369165177,1.63518372166168,"EPN"
"GSM1214875",5.72857288329404,1.2253143476796,"EPN"
"GSM1214876",0.917384702813235,-3.12387094891579,"EPN"
"GSM1214877",5.53870170333188,2.27276063740404,"EPN"
"GSM1214878",7.11132805326366,1.57596338205727,"EPN"
"GSM1214879",6.4345476068924,1.37908170675903,"EPN"
"GSM1214880",-2.51744820388232,-0.783487311942487,"GBM"
"GSM1214881",-3.90251701333925,-2.30299653760788,"GBM"
"GSM1214882",-1.32196515755452,-2.88120729724605,"GBM"
"GSM1214883",-2.13600179613534,-3.08369215167378,"GBM"
"GSM1214884",-3.45101264193638,-1.90032007240687,"GBM"
"GSM1214885",-2.36599795119283,-1.11112439582759,"GBM"
"GSM1214886",-1.83455169413442,-2.73541206825462,"GBM"
"GSM1214887",-2.7381662041784,-2.80326582833981,"GBM"
"GSM1214888",-1.44895909588904,-3.04290914945648,"GBM"
"GSM1214889",-1.19481642768042,-2.26296313545476,"GBM"
"GSM1214890",-3.52137283786678,-1.71418232836311,"GBM"
"GSM1214891",-1.75379575293885,-1.91465502318274,"GBM"
"GSM1214892",-2.15586824749119,-3.25685963731832,"GBM"
"GSM1214893",-2.23644195322528,-1.91707540444552,"GBM"
"GSM1214894",-3.28017769543911,-2.446887566525,"GBM"
"GSM1214895",-1.53645828171262,-1.86305722311702,"GBM"
"GSM1214896",-3.51468872517909,-1.73688023488823,"GBM"
"GSM1214897",-2.57163209540566,-0.479665726235475,"GBM"
"GSM1214898",-1.16614742426633,-2.64856480231115,"GBM"
"GSM1214899",-2.59774159689599,-2.49331362992317,"GBM"
"GSM1214900",-4.53032240782938,-2.60312542477654,"GBM"
"GSM1214901",-2.18196982323673,-2.76590398087409,"GBM"
"GSM1214902",-3.39024379704418,-2.4735367886643,"GBM"
"GSM1214903",-1.61358594813266,-5.46172305398351,"GBM"
"GSM1214904",-2.34400075002332,-3.10254351480678,"GBM"
"GSM1214905",-3.07394479927775,-1.43404178051059,"GBM"
"GSM1214906",-1.19844657486733,-3.58104800565461,"GBM"
"GSM1214907",-1.93232100609467,-2.46463050520417,"GBM"
"GSM1214908",-2.98913629987091,-2.1735066813713,"GBM"
"GSM1214909",-2.36888868186903,-2.86959661485188,"GBM"
"GSM1214910",-2.89512280111964,-2.77285937402283,"GBM"
"GSM1214911",-3.55569648650252,-3.82860419468061,"GBM"
"GSM1214912",-0.811392991323678,-3.33655094803374,"GBM"
"GSM1214913",-1.61844068305368,-2.60297282987767,"GBM"
"GSM1214914",-7.09166517943768,5.68148296430319,"MED"
"GSM1214915",-7.78378279182757,4.54009039392943,"MED"
"GSM1214916",-8.03866520843903,4.58584385935147,"MED"
"GSM1214917",-7.97212469865778,5.71685857379898,"MED"
"GSM1214918",-7.25830706553901,3.09751178050189,"MED"
"GSM1214919",-6.93285579154667,5.76810218208301,"MED"
"GSM1214920",-8.52395076234651,6.95149036693711,"MED"
"GSM1214921",-8.58196816753465,6.34899112621979,"MED"
"GSM1214922",-5.89030298135802,4.11916462008477,"MED"
"GSM1214923",-3.98606205307524,1.08983710168109,"MED"
"GSM1214924",-7.187914907318,5.06307396299522,"MED"
"GSM1214925",-7.1049649466207,4.4293230673413,"MED"
"GSM1214926",-7.19729150934037,4.29289858948718,"MED"
"GSM1214927",-7.106284988433,7.29148788952887,"MED"
"GSM1214928",-6.6047647278208,4.21722313861285,"MED"
"GSM1214929",-7.72453022816291,5.42210368440879,"MED"
"GSM1214930",-6.93981997889588,5.2702661772169,"MED"
"GSM1214931",-6.77456255891184,5.54035459561666,"MED"
"GSM1214932",-7.0926391135602,6.25656941582352,"MED"
"GSM1214933",-7.2701604043909,6.20078568174876,"MED"
"GSM1214934",-7.09542033259001,6.9210072318878,"MED"
"GSM1214935",-5.29015656551628,2.04071225656808,"MED"
"GSM1214936",-4.61747960079515,-2.59205743841679,"Normal"
"GSM1214937",-2.38483427904354,-2.78457354248647,"Normal"
"GSM1214938",-4.11062834377879,-3.8964210474022,"Normal"
"GSM1214939",-4.26857192936191,-2.95242313801708,"Normal"
"GSM1214940",-4.91797131697192,-3.5762455593679,"Normal"
"GSM1214941",-4.29338089430676,-4.14925160688902,"Normal"
"GSM1214942",-3.24581596813301,-2.75231763876911,"Normal"
"GSM1214943",-2.81511832918417,-3.0486857526766,"Normal"
"GSM1214944",-4.65933543413155,-1.20765818714679,"Normal"
"GSM1214945",-4.71855085602405,-2.57591416529372,"Normal"
"GSM1214946",-4.40010219354652,-3.047029464093,"Normal"
"GSM1214947",-2.3490105336693,-2.82514205154311,"Normal"
"GSM1214948",-4.8148722433643,-4.05744567078511,"Normal"
"GSM1214949",0.324613100730893,-2.5018413218908,"PA"
"GSM1214950",-0.392706399857392,-3.69274285933117,"PA"
"GSM1214951",-0.0207364634139797,-3.76316762936251,"PA"
"GSM1214952",-0.655065847208196,-3.87731732873115,"PA"
"GSM1214953",-1.65319531586614,-3.48965752237269,"PA"
"GSM1214954",-0.15929917557969,-3.6282185454742,"PA"
"GSM1214955",-0.585548344359899,-3.70658637832103,"PA"
"GSM1214956",1.24695397468519,-3.2732875981018,"PA"
"GSM1214957",0.741065101886525,-4.2303204436784,"PA"
"GSM1214958",0.421832492506176,-3.50666984530082,"PA"
"GSM1214959",-0.564466746264274,-2.92089864396888,"PA"
"GSM1214960",-0.0759738426961478,-3.08555799320585,"PA"
"GSM1214961",-0.19122948031811,-3.80159418731351,"PA"
"GSM1214962",-0.0444912409452275,-3.14006244219482,"PA"
"GSM1214963",-1.35181364499768,-2.93436705116844,"PA"
