"","Normal","EPN","GBM","MED","PA"
"1","OLFML2A","KCNQ5","WDR63","CMTM5","CCDC40"
"2","TTC30B","KCNIP1","FSTL5","QKI","INSM1"
"3","RNASEH2A","PCDH11Y","NEUROD2","RAB29","GINS2"
"4","CXCL8","BRINP3","ZBBX","SALL3","CFAP45"
"5","SRPX2","PTPN5","RSPH4A","NES","CENPF"
"6","PARP9","RIMS2","ST8SIA2","PLPP3","KCNN2"
"7","CDK2","NEFM","SLC27A6","DAW1","C11orf88"
"8","OIP5","IGSF21","ZNF474","SLC7A2","AKAP14"
"9","CDC20","DIRAS2","DRC1","FCGR1B","FBXO15"
"10","LAMA1","LRRC4C","CASC1","CFI","KIAA0319"
"11","CFAP126","CXCL14","DNAH12","TNFRSF11B","TRIP13"
"12","HMMR","ELMO1","BHLHE22","MAOB","C11orf63"
"13","PLP2","SHD","DNAAF3","HSPB8","RMST"
"14","TMEM67","SVOP","MAL2","GPR37L1","GABRG1"
"15","CCL3L3","GRIK3","KIAA0319","FAM69C","CDH22"
"16","TP53","TF","FAM179A","CFAP52","RELN"
"17","TGIF1","BLM","PLAC9","SCRG1","UNC13C"
"18","BUB1","SH3GL2","CUX2","MORN5","DEPDC1B"
"19","FLNC","ETV1","TMEM232","ACSS3","EGFR"
"20","SERPINE1","GRIA2","EXOSC7","MRO","BRIP1"
"21","B3GNT5","BHLHE22","KCNJ3","COBL","MORN5"
"22","FOXJ1","CAMK4","CALB1","NPAS3","KIF2C"
"23","CEP55","DLGAP1","RBFOX3","COL9A3","MIR548F5"
"24","PSMB8","SULT4A1","LOC100996843","RAB31","CDC20"
"25","FZD6","SHOX2","TTC29","CXCL5","LOC101930373"
"26","DSG2","LOC101927137","WDR38","SAMD9L","KLHL29"
"27","KIF2C","C2orf80","PLCH1","ENKUR","RBFOX3"
"28","CHEK1","AP3B2","CCDC170","WWC1","PACSIN1"
"29","ELN","MIR124-1","DCDC2","MX1","SYNPR"
"30","C4orf47","FGF14","GRIN2C","FPR1","NNAT"
"31","TGFBI","MAP7D2","CFAP43","SLC15A2","FSTL5"
"32","COL6A2","ADRB1","PLCXD3","GPR17","INA"
"33","KIF18B","SLC17A6","CDH18","C4B_2","CASC1"
"34","C7orf57","TMEM130","ZNF423","MLIP","LPAR3"
"35","CTHRC1","SLC35F3","KCNA5","KNDC1","TEKT1"
"36","FAM64A","GPRIN1","CCDC40","GRIA3","C11orf87"
"37","TNFAIP3","ATCAY","C6orf118","EFCAB1","C1orf158"
"38","SPATA17","SORCS3","CAB39L","TRIM47","NEDD4L"
"39","DNALI1","SHISA9","CACNA1B","FIBIN","TMEM74"
"40","ANTXR2","KCNJ9","VIPR2","FGFR3","NMU"
"41","METTL21B","STMN2","C1orf158","CXCL16","PYGM"
"42","SPATA18","GDAP1L1","HCG11","HRH1","CFAP43"
"43","FOXM1","DCC","LOC101930373","FAM81B","SEZ6"
"44","TNFRSF19","DUSP26","RASSF9","ITPKB","ZNF536"
"45","TYMS","ST18","CPAMD8","EFHC2","CFAP52"
"46","CASP8","SEZ6","GRIN2A","ERBB3","ROR1"
"47","DYX1C1","NRN1","CBFA2T3","MT3","HCN1"
"48","TEX9","RGS17","EXPH5","LYPD1","CBX2"
"49","KNL1","TAC1","DYDC2","PLA2G16","VWA3B"
"50","ADAM12","BRINP1","ODF3B","SLC1A3","FREM1"
"51","LOC728613","RPH3A","LOC101928817","GRAMD3","RBM24"
"52","SLC35F6","KCNC1","AK7","MOXD1","CDCA7"
"53","ERAP2","ACTL6B","ROPN1L","CSGALNACT1","SLC6A15"
"54","AJUBA","FGF12","TDRD9","NEBL","SV2B"
"55","KIF14","FXYD7","CFAP52","LOC401317","ZBBX"
"56","NID2","AK5","GABRG1","SCIN","SNCAIP"
"57","MIR7110","SLC7A14","PEBP4","SALL1","SPHKAP"
"58","TTK","CNTNAP5","FAM81B","S100B","KIF15"
"59","FAM81B","DAB1","DAO","RFX4","CELSR1"
"60","TPX2","TLE2","ROR2","NKX2-2","DAW1"
"61","IQGAP2","DNAJC6","SLIT2","C9orf24","BHLHE22"
"62","TMSB15B","B3GAT1","ARMC4","C2orf72","MAP3K19"
"63","LOXL1","KCNA1","AKAP14","TCTEX1D1","NUP62CL"
"64","EZH2","B3GALT2","VWA3B","FAS","BAIAP3"
"65","WEE1","ZNF804A","RSPO2","SOX2-OT","FOXP2"
"66","DLGAP5","LINC00839","ZIC3","IFIT1","RNF43"
"67","CENPU","ARPP21","CPNE6","FIGN","SPATA17"
"68","NUF2","JPH3","DACH1","TSTD1","NEK2"
"69","MFAP4","RIMS1","STPG1","PIFO","PLCH1"
"70","BUB1B","ATP8A2","CCDC114","RARRES3","ARMC3"
"71","FBN2","SCN2A","C11orf87","HERC6","MAK"
"72","GPX7","MYT1","MAP3K19","SYT17","CACNA1B"
"73","IGF2BP3","CKMT1A","FBLN1","CHST6","PAX6"
"74","PTX3","GABRG2","FMO1","BCAN","CXCL5"
"75","CPXM1","CELF4","LOC101928882","NACC2","KCNK3"
"76","E2F7","SLC8A3","SPAG17","PAQR6","GABRG2"
"77","KIF11","CHGB","OGN","C8orf34","SHANK2"
"78","CCL2","ASPHD1","CFAP45","LOC101927057","LOC283454"
"79","F2R","UNC13C","NUP62CL","ARAP2","UBE2T"
"80","LOX","SV2B","C11orf88","MASP1","CAPSL"
"81","DTL","CELF5","LINGO2","SLC25A18","CUX2"
"82","MELK","LINC01105","PYGM","RSPH1","NEUROD1"
"83","BIRC5","NEUROD1","HCN1","CHI3L1","CCNA1"
"84","NDC80","SYN1","CRLF1","ALDH1L1","EFCAB1"
"85","CENPF","SCN3B","MAK","MLC1","SYT13"
"86","CCNB2","HMP19","SLC6A13","ASCL1","MAL2"
"87","UBE2C","NRSN1","TEKT1","GLIS3","ELAVL2"
"88","C11orf70","UNC5D","RELN","LTF","MAB21L2"
"89","CDCA7","CITED1","MKX","FAM189A2","SRRM4"
"90","NUSAP1","PEX5L","GRM1","CHI3L2","KCNJ3"
"91","CDK1","LHFPL4","LPAR3","CFAP126","GRM1"
"92","MFAP2","RIT2","ARMC3","ITGB4","SYT4"
"93","UHRF1","FAM131B","DAW1","LIX1","E2F7"
"94","PBK","CAMK2N2","SPAG6","BBOX1","TRIM36"
"95","KIF4A","SLITRK3","C9orf24","LINC00844","FOXG1"
"96","ASPM","PLPPR5","CAPSL","HEPN1","CD24"
"97","CFI","INA","SRRM4","C2orf88","SPAG6"
"98","KIAA0101","MYT1L","RNF43","TTYH1","C9orf24"
"99","TOP2A","SLC24A2","EFCAB1","KCNJ10","SH3GL3"
"100","RRM2","RAB3C","GDF10","LOC284570","PPP2R2C"
