"Group","GeneSymbol","Frequency"
"Normal","RRM2",13
"Normal","TOP2A",13
"Normal","ASPM",12
"Normal","KIAA0101",12
"Normal","PBK",12
"Normal","C11orf70",11
"Normal","CDK1",11
"Normal","CFI",11
"Normal","KIF4A",11
"Normal","MELK",11
"Normal","MFAP2",11
"Normal","UHRF1",11
"Normal","BIRC5",10
"Normal","CCNB2",10
"Normal","CDCA7",10
"Normal","CENPF",10
"Normal","EZH2",10
"Normal","LOX",10
"Normal","TMSB15B",10
"Normal","UBE2C",10
"Normal","WEE1",10
"Normal","DTL",9
"Normal","LOC728613",9
"Normal","MCM2",9
"Normal","NDC80",9
"Normal","CENPU",8
"Normal","COL6A2",8
"Normal","CRNDE",8
"Normal","IRX1",8
"Normal","NTN1",8
"Normal","NUSAP1",8
"Normal","PAX3",8
"Normal","PIRT",8
"Normal","STON1",8
"Normal","XIST",8
"Normal","BUB1B",7
"Normal","CPXM1",7
"Normal","ECM2",7
"Normal","F2R",7
"Normal","FAM60A",7
"Normal","GPX7",7
"Normal","IRX3",7
"Normal","KIF11",7
"Normal","NT5DC2",7
"Normal","POSTN",7
"Normal","TNFRSF19",7
"Normal","CCL2",6
"Normal","CDK2",6
"Normal","DSG2",6
"Normal","ELN",6
"Normal","HLA-DMA",6
"Normal","IQGAP2",6
"Normal","LOC100509457",6
"Normal","NID2",6
"Normal","PLP2",6
"Normal","PTX3",6
"Normal","STEAP3",6
"Normal","TGIF1",6
"Normal","TIMP4",6
"Normal","TNFAIP3",6
"Normal","TSPAN11",6
"Normal","TYMS",6
"Normal","VANGL2",6
"Normal","C1orf226",5
"Normal","CCL3L3",5
"Normal","CHI3L2",5
"Normal","CTHRC1",5
"Normal","EMP3",5
"Normal","FBN2",5
"Normal","FCGBP",5
"Normal","FZD6",5
"Normal","LOC100509445",5
"Normal","LYZ",5
"Normal","MCM5",5
"Normal","MDK",5
"Normal","MIR548F5",5
"Normal","PIFO",5
"Normal","SERPINA3",5
"Normal","SERPINH1",5
"Normal","SLC4A2",5
"Normal","TMEM45A",5
"Normal","TNC",5
"Normal","TP53",5
"Normal","ANGPT1",4
"Normal","AQP1",4
"Normal","CD93",4
"Normal","CFAP126",4
"Normal","COL3A1",4
"Normal","COL9A2",4
"Normal","CP",4
"Normal","E2F7",4
"Normal","FAS",4
"Normal","GBP3",4
"Normal","GEM",4
"Normal","HSPG2",4
"Normal","IGF2BP3",4
"Normal","INS-IGF2",4
"Normal","KLHDC8A",4
"Normal","LHX2",4
"Normal","MIR7110",4
"Normal","MS4A6A",4
"Normal","NEK2",4
"Normal","PARP9",4
"Normal","PSMB9",4
"Normal","RMST",4
"Normal","RNASEH2A",4
"Normal","TGFB1",4
"Normal","TGFB1I1",4
"Normal","WNT5A",4
"Normal","ANTXR2",3
"Normal","CD44",3
"Normal","CHST14",3
"Normal","COL1A1",3
"Normal","COL5A1",3
"Normal","COL6A3",3
"Normal","COX20",3
"Normal","DLGAP5",3
"Normal","DNALI1",3
"Normal","DRAXIN",3
"Normal","EIF5A",3
"Normal","FOXG1",3
"Normal","FREM2",3
"Normal","LMNB1",3
"Normal","LOC101928916",3
"Normal","LOXL1",3
"Normal","LOXL2",3
"Normal","METTL21B",3
"Normal","METTL7B",3
"Normal","MFAP4",3
"Normal","NECTIN2",3
"Normal","PROM1",3
"Normal","PXDN",3
"Normal","SCIN",3
"Normal","TLN1",3
"Normal","TP53INP1",3
"Normal","TPX2",3
"Normal","TROAP",3
"Normal","TSHZ3",3
"Normal","ZNF548",3
"Normal","ADAMTS3",2
"Normal","ADGRV1",2
"Normal","AJUBA",2
"Normal","BTN3A2",2
"Normal","C2orf68",2
"Normal","CCNA2",2
"Normal","CDC42EP1",2
"Normal","CDK6",2
"Normal","COL11A1",2
"Normal","COL5A2",2
"Normal","CRIP2",2
"Normal","CSPG4",2
"Normal","CTXN1",2
"Normal","CXCR4",2
"Normal","DCX",2
"Normal","EGR2",2
"Normal","ERAP2",2
"Normal","ERI1",2
"Normal","F2RL1",2
"Normal","FAM83D",2
"Normal","FZD2",2
"Normal","GAS2L3",2
"Normal","GINS2",2
"Normal","HEY2",2
"Normal","HRASLS",2
"Normal","IGFBP2",2
"Normal","IRX2",2
"Normal","ITGB4",2
"Normal","LAMA2",2
"Normal","LGALS3BP",2
"Normal","LINC01088",2
"Normal","LYPD1",2
"Normal","MBNL3",2
"Normal","MSX1",2
"Normal","NRP1",2
"Normal","NUF2",2
"Normal","NUP37",2
"Normal","OLFML2A",2
"Normal","PCOLCE",2
"Normal","PDLIM1",2
"Normal","PDLIM3",2
"Normal","PDPN",2
"Normal","PFKFB2",2
"Normal","PLCE1",2
"Normal","PPP1R3B",2
"Normal","PRC1",2
"Normal","PRIMA1",2
"Normal","PROS1",2
"Normal","PSENEN",2
"Normal","PTP4A3",2
"Normal","RAVER1",2
"Normal","RBM3",2
"Normal","SATB2",2
"Normal","SH3RF3",2
"Normal","SLC10A4",2
"Normal","SLC44A5",2
"Normal","SNRNP40",2
"Normal","SOX11",2
"Normal","SOX4",2
"Normal","SPAG6",2
"Normal","STT3A",2
"Normal","TGFBI",2
"Normal","TGIF2",2
"Normal","TIFA",2
"Normal","TMEM67",2
"Normal","TNFRSF12A",2
"Normal","TNFSF10",2
"Normal","TPBG",2
"Normal","TRAM2",2
"Normal","TRIM14",2
"Normal","TSPAN18",2
"Normal","VCAM1",2
"Normal","WDR5B",2
"Normal","ZC3HAV1L",2
"Normal","ABCB10",1
"Normal","ACP6",1
"Normal","ADCY7",1
"Normal","ADD2",1
"Normal","AEBP1",1
"Normal","AGAP1",1
"Normal","AKAP13",1
"Normal","AKT1S1",1
"Normal","ALYREF",1
"Normal","ANGPTL2",1
"Normal","ANXA2P2",1
"Normal","APITD1-CORT",1
"Normal","APOE",1
"Normal","ARFRP1",1
"Normal","ATXN7",1
"Normal","B3GNT5",1
"Normal","BICC1",1
"Normal","BMP7",1
"Normal","BTBD7",1
"Normal","C10orf25",1
"Normal","C16orf87",1
"Normal","C19orf54",1
"Normal","C1orf56",1
"Normal","C1QTNF5",1
"Normal","C4B_2",1
"Normal","CAB39L",1
"Normal","CARD8",1
"Normal","CAV1",1
"Normal","CAV2",1
"Normal","CC2D2A",1
"Normal","CCDC71L",1
"Normal","CCDC80",1
"Normal","CCDC88C",1
"Normal","CCNB1",1
"Normal","CCNT2",1
"Normal","CD14",1
"Normal","CD163",1
"Normal","CD24",1
"Normal","CDC42",1
"Normal","CDCA4",1
"Normal","CDK8",1
"Normal","CDKN2C",1
"Normal","CDKN3",1
"Normal","CENPW",1
"Normal","CHD7",1
"Normal","CHIC2",1
"Normal","CHORDC1",1
"Normal","CHRDL1",1
"Normal","CITED2",1
"Normal","CKS2",1
"Normal","CLEC2B",1
"Normal","CLPTM1",1
"Normal","CMPK2",1
"Normal","CNOT8",1
"Normal","CNTRL",1
"Normal","CREBZF",1
"Normal","CRIPAK",1
"Normal","CRISPLD1",1
"Normal","CRTAP",1
"Normal","CTDSPL2",1
"Normal","CTSO",1
"Normal","CTSZ",1
"Normal","CXCL16",1
"Normal","CXorf57",1
"Normal","CYBB",1
"Normal","CYYR1",1
"Normal","DACH1",1
"Normal","DHRS7B",1
"Normal","DHRSX",1
"Normal","DIAPH3",1
"Normal","DLEU2",1
"Normal","DRG2",1
"Normal","DSCC1",1
"Normal","DTX3L",1
"Normal","DYRK2",1
"Normal","DYX1C1",1
"Normal","E2F5",1
"Normal","ECT2",1
"Normal","EDNRA",1
"Normal","EFNB3",1
"Normal","EFS",1
"Normal","EGR1",1
"Normal","EGR3",1
"Normal","EIF4EBP1",1
"Normal","ELFN2",1
"Normal","EMP1",1
"Normal","ERCC4",1
"Normal","ETS1",1
"Normal","EYA2",1
"Normal","FABP7",1
"Normal","FAM114A1",1
"Normal","FAM117B",1
"Normal","FAM129A",1
"Normal","FAM57A",1
"Normal","FAM72A",1
"Normal","FAM76B",1
"Normal","FAM86DP",1
"Normal","FANCG",1
"Normal","FBLIM1",1
"Normal","FBLN5",1
"Normal","FBN1",1
"Normal","FBXO32",1
"Normal","FKBP7",1
"Normal","FLNC",1
"Normal","FLOT2",1
"Normal","FOS",1
"Normal","GAS1",1
"Normal","GBAT2",1
"Normal","GBP1",1
"Normal","GLCCI1",1
"Normal","GPCPD1",1
"Normal","GPNMB",1
"Normal","GPR34",1
"Normal","GSN",1
"Normal","GTF2H2B",1
"Normal","GTF3C3",1
"Normal","HACL1",1
"Normal","HAPLN1",1
"Normal","HECTD2",1
"Normal","HELLS",1
"Normal","HES4",1
"Normal","HES6",1
"Normal","HK2",1
"Normal","HLA-DPA1",1
"Normal","HLA-DPB1",1
"Normal","HLA-DQB1",1
"Normal","HLA-DRA",1
"Normal","HMMR",1
"Normal","IER3",1
"Normal","IFI44",1
"Normal","IFI44L",1
"Normal","IFIT3",1
"Normal","IGDCC4",1
"Normal","IGFBP4",1
"Normal","IGK",1
"Normal","IPP",1
"Normal","IQCG",1
"Normal","IRX5",1
"Normal","ISG20L2",1
"Normal","KIAA0485",1
"Normal","KIF18B",1
"Normal","KLF10",1
"Normal","KLHL20",1
"Normal","LAMP5",1
"Normal","LCP2",1
"Normal","LFNG",1
"Normal","LIMA1",1
"Normal","LIMK2",1
"Normal","LINC00467",1
"Normal","LINC00673",1
"Normal","LINC00938",1
"Normal","LOC100130872",1
"Normal","LOC100506558",1
"Normal","LOC100996809",1
"Normal","LOC101929819",1
"Normal","LOC101930489",1
"Normal","LOC101930583",1
"Normal","LOC102724884",1
"Normal","LOC102724951",1
"Normal","LOC646903",1
"Normal","LSM2",1
"Normal","LXN",1
"Normal","LY6H",1
"Normal","MAD2L1",1
"Normal","MAFF",1
"Normal","MAML2",1
"Normal","MAPK7",1
"Normal","MASP1",1
"Normal","MCUB",1
"Normal","MED6",1
"Normal","MEGF11",1
"Normal","MET",1
"Normal","MEX3D",1
"Normal","MFGE8",1
"Normal","MGP",1
"Normal","MIR1182",1
"Normal","MIR15A",1
"Normal","MIR21",1
"Normal","MIR4707",1
"Normal","MIS12",1
"Normal","MMP2",1
"Normal","MNS1",1
"Normal","MORC4",1
"Normal","MOV10",1
"Normal","MRC2",1
"Normal","MTAP",1
"Normal","MTMR11",1
"Normal","MXRA5",1
"Normal","MYO1B",1
"Normal","MYO5C",1
"Normal","NAPA",1
"Normal","NAPEPLD",1
"Normal","NECAP2",1
"Normal","NEDD1",1
"Normal","NEURL1B",1
"Normal","NFATC1",1
"Normal","NFKBIZ",1
"Normal","NID1",1
"Normal","NINL",1
"Normal","NIT2",1
"Normal","NMI",1
"Normal","NPIPA5",1
"Normal","NR2C1",1
"Normal","NRBP1",1
"Normal","NUAK2",1
"Normal","NUP107",1
"Normal","NUP35",1
"Normal","OCIAD2",1
"Normal","OLMALINC",1
"Normal","OSBPL3",1
"Normal","OSGIN2",1
"Normal","P2RX4",1
"Normal","P3H2",1
"Normal","P4HB",1
"Normal","PACRGL",1
"Normal","PAFAH1B3",1
"Normal","PARP12",1
"Normal","PATJ",1
"Normal","PBX3",1
"Normal","PCDHB16",1
"Normal","PCDHB9",1
"Normal","PDAP1",1
"Normal","PDGFC",1
"Normal","PDLIM2",1
"Normal","PEX13",1
"Normal","PGM2",1
"Normal","PHTF1",1
"Normal","PLA2G4A",1
"Normal","PLEKHA8",1
"Normal","PLK2",1
"Normal","PLXNA3",1
"Normal","PM20D2",1
"Normal","PMAIP1",1
"Normal","POLA1",1
"Normal","POLR1B",1
"Normal","PPP1R18",1
"Normal","PPP2R3B",1
"Normal","PPP5C",1
"Normal","PRSS23",1
"Normal","PSMB8",1
"Normal","PSPH",1
"Normal","PTTG1",1
"Normal","PUM3",1
"Normal","RBBP5",1
"Normal","RBM43",1
"Normal","RBM48",1
"Normal","RBP1",1
"Normal","RDH10",1
"Normal","RFXAP",1
"Normal","RHOBTB1",1
"Normal","RHOJ",1
"Normal","RMI1",1
"Normal","RNASE4",1
"Normal","RRP15",1
"Normal","S100A4",1
"Normal","SAMSN1",1
"Normal","SDK2",1
"Normal","SEL1L3",1
"Normal","SEMA5B",1
"Normal","SETSIP",1
"Normal","SF3A2",1
"Normal","SFN",1
"Normal","SFRP2",1
"Normal","SFRP4",1
"Normal","SFT2D3",1
"Normal","SHCBP1",1
"Normal","SHPRH",1
"Normal","SIN3A",1
"Normal","SLC16A1",1
"Normal","SLC25A13",1
"Normal","SLC25A39",1
"Normal","SLC27A3",1
"Normal","SLC29A1",1
"Normal","SLC2A10",1
"Normal","SLC43A3",1
"Normal","SMAD4",1
"Normal","SMG8",1
"Normal","SMOC1",1
"Normal","SNX2",1
"Normal","SOCS3",1
"Normal","SOWAHC",1
"Normal","SOX6",1
"Normal","SPA17",1
"Normal","SPP1",1
"Normal","SPPL2A",1
"Normal","SPRY1",1
"Normal","SPRY4",1
"Normal","SRGAP1",1
"Normal","SS18",1
"Normal","ST6GALNAC4",1
"Normal","ST8SIA4",1
"Normal","SYNE2",1
"Normal","SYNE3",1
"Normal","TAF1A",1
"Normal","TCTN1",1
"Normal","TDG",1
"Normal","THAP1",1
"Normal","TIGD7",1
"Normal","TIMP1",1
"Normal","TMEM173",1
"Normal","TMEM223",1
"Normal","TMEM98",1
"Normal","TMOD1",1
"Normal","TMPO",1
"Normal","TNFRSF10B",1
"Normal","TNFRSF11B",1
"Normal","TRIB3",1
"Normal","TRIP10",1
"Normal","TSPAN6",1
"Normal","TSR1",1
"Normal","TTC30B",1
"Normal","TTK",1
"Normal","TUBB2B",1
"Normal","UBR5",1
"Normal","UBXN11",1
"Normal","UFL1",1
"Normal","UGDH",1
"Normal","VHL",1
"Normal","VWA5A",1
"Normal","XRN2",1
"Normal","YTHDC2",1
"Normal","ZBED3",1
"Normal","ZBTB10",1
"Normal","ZBTB8A",1
"Normal","ZIC2",1
"Normal","ZMYM6",1
"Normal","ZNF217",1
"Normal","ZNF259P1",1
"Normal","ZNF300",1
"Normal","ZNF627",1
"Normal","ZNF738",1
"Normal","ZNF776",1
"Normal","ZWINT",1
"Normal","ZYX",1
"EPN","LHX2",34
"EPN","KCNQ2",30
"EPN","STMN2",29
"EPN","FOXG1",28
"EPN","GAD1",28
"EPN","INSM1",27
"EPN","NRN1",27
"EPN","GRIA2",25
"EPN","SLC24A2",25
"EPN","CHGB",24
"EPN","BRINP1",22
"EPN","MYT1L",22
"EPN","NRXN1",22
"EPN","CNR1",21
"EPN","HMP19",21
"EPN","INA",21
"EPN","L1CAM",21
"EPN","RUNDC3A",21
"EPN","SH3GL2",21
"EPN","UGT8",21
"EPN","XIST",21
"EPN","NKX2-2",20
"EPN","BCHE",19
"EPN","LDOC1",19
"EPN","PLPPR4",19
"EPN","SNAP25",19
"EPN","DCX",18
"EPN","ELAVL4",18
"EPN","OLIG2",18
"EPN","POSTN",18
"EPN","TMEFF2",18
"EPN","CHRM3",17
"EPN","RPS4Y1",17
"EPN","TF",17
"EPN","TLE2",17
"EPN","KCNJ16",16
"EPN","LHFPL3",16
"EPN","RALYL",16
"EPN","SCN2A",16
"EPN","SEZ6L",16
"EPN","STMN4",16
"EPN","TIMP4",16
"EPN","CXCL14",15
"EPN","DDX3Y",15
"EPN","DIRAS2",15
"EPN","ELAVL3",15
"EPN","LRRTM2",15
"EPN","OLIG1",15
"EPN","PLPPR1",15
"EPN","SEZ6L2",15
"EPN","ADCY1",14
"EPN","CADM2",14
"EPN","CADPS",14
"EPN","ELAVL2",14
"EPN","GABRB1",14
"EPN","PHACTR3",14
"EPN","SEMA5A",14
"EPN","TOX3",14
"EPN","VAT1L",14
"EPN","ADGRB3",13
"EPN","ANK3",13
"EPN","CA10",13
"EPN","DNM3",13
"EPN","FAXC",13
"EPN","IGFBPL1",13
"EPN","OPCML",13
"EPN","SCG5",13
"EPN","SCN3A",13
"EPN","SLIT1",13
"EPN","SRPX",13
"EPN","B3GAT1",12
"EPN","BEX5",12
"EPN","CYP1B1",12
"EPN","DCC",12
"EPN","DUSP5",12
"EPN","GABRB3",12
"EPN","KCNK1",12
"EPN","ME1",12
"EPN","RIT2",12
"EPN","SOX8",12
"EPN","SPOCK1",12
"EPN","SYT4",12
"EPN","TMSB15B",12
"EPN","CDK6",11
"EPN","CELF5",11
"EPN","DAB1",11
"EPN","DNAJC6",11
"EPN","FAIM2",11
"EPN","IGSF21",11
"EPN","KCNMB4",11
"EPN","LOC643923",11
"EPN","NELL2",11
"EPN","NETO2",11
"EPN","PCDH17",11
"EPN","PDGFRA",11
"EPN","RGS7",11
"EPN","C10orf10",10
"EPN","DLGAP1",10
"EPN","FAM84A",10
"EPN","GNG3",10
"EPN","KCNC1",10
"EPN","KDM5D",10
"EPN","LINC01105",10
"EPN","LMF1",10
"EPN","LOC101928927",10
"EPN","MIAT",10
"EPN","NPTX2",10
"EPN","NRSN1",10
"EPN","NXPH1",10
"EPN","SYT1",10
"EPN","TENM1",10
"EPN","VSNL1",10
"EPN","AQP1",9
"EPN","BRINP3",9
"EPN","COPG2IT1",9
"EPN","CXCL12",9
"EPN","DNM1",9
"EPN","GRIA4",9
"EPN","GRIK2",9
"EPN","LOC101927057",9
"EPN","LOC653602",9
"EPN","LRRC4C",9
"EPN","PBK",9
"EPN","PCDH7",9
"EPN","PCDH8",9
"EPN","PCDHB5",9
"EPN","RNF112",9
"EPN","RUNX1T1",9
"EPN","SALL3",9
"EPN","SLC2A13",9
"EPN","TMEM132B",9
"EPN","TMEM35A",9
"EPN","ASPM",8
"EPN","CPLX1",8
"EPN","DNAJC12",8
"EPN","EDIL3",8
"EPN","EEF1A2",8
"EPN","ETV1",8
"EPN","FXYD1",8
"EPN","GAP43",8
"EPN","JPH3",8
"EPN","KCND2",8
"EPN","KLHDC8A",8
"EPN","LGI1",8
"EPN","NDP",8
"EPN","PLP1",8
"EPN","PLPP4",8
"EPN","PMP2",8
"EPN","PTX3",8
"EPN","RAB33A",8
"EPN","SCG3",8
"EPN","SEMA3C",8
"EPN","ST8SIA3",8
"EPN","SYNGR3",8
"EPN","TEKT4P2",8
"EPN","TMEM45A",8
"EPN","TUBB4A",8
"EPN","UBE2QL1",8
"EPN","CACNA2D1",7
"EPN","CCS",7
"EPN","CDK5R1",7
"EPN","CNTN1",7
"EPN","DUSP26",7
"EPN","FLRT3",7
"EPN","GABBR2",7
"EPN","GSTT1",7
"EPN","IGSF11",7
"EPN","IL13RA2",7
"EPN","IRX1",7
"EPN","LOC101930489",7
"EPN","LOC339166",7
"EPN","LRRC3B",7
"EPN","MAFF",7
"EPN","MEGF11",7
"EPN","MIR548F5",7
"EPN","MPPED2",7
"EPN","NPTX1",7
"EPN","PCSK1",7
"EPN","RFPL1S",7
"EPN","RIMS2",7
"EPN","RIMS3",7
"EPN","ROBO1",7
"EPN","S100A8",7
"EPN","SGIP1",7
"EPN","SHC3",7
"EPN","SLC2A3",7
"EPN","ST6GAL2",7
"EPN","ADAMTS1",6
"EPN","ADGRL3",6
"EPN","AKR1C1",6
"EPN","AP3B2",6
"EPN","ATCAY",6
"EPN","BCAT1",6
"EPN","BCL11A",6
"EPN","C8orf46",6
"EPN","CHI3L1",6
"EPN","CITED1",6
"EPN","EIF1AY",6
"EPN","ENC1",6
"EPN","ETV5",6
"EPN","EYA2",6
"EPN","FBXL16",6
"EPN","GNG2",6
"EPN","HECW2",6
"EPN","HIST1H2AC",6
"EPN","HS3ST1",6
"EPN","KLHL29",6
"EPN","NEFM",6
"EPN","NPTXR",6
"EPN","PCP4",6
"EPN","PGM2L1",6
"EPN","PLPPR5",6
"EPN","PRRX1",6
"EPN","RAB3C",6
"EPN","RCAN2",6
"EPN","RELN",6
"EPN","RGS17",6
"EPN","RNF165",6
"EPN","SERPINF1",6
"EPN","SFRP1",6
"EPN","SLC24A3",6
"EPN","SOX10",6
"EPN","TMEM100",6
"EPN","UNC5A",6
"EPN","USP9Y",6
"EPN","AIF1L",5
"EPN","ANLN",5
"EPN","APOD",5
"EPN","BAALC",5
"EPN","BEND6",5
"EPN","BIRC5",5
"EPN","BLM",5
"EPN","BTBD11",5
"EPN","C2orf80",5
"EPN","CAMK2N1",5
"EPN","CCND2",5
"EPN","CDH10",5
"EPN","CKMT1A",5
"EPN","CLDN11",5
"EPN","CNKSR2",5
"EPN","COL11A1",5
"EPN","COLGALT2",5
"EPN","CPT1C",5
"EPN","CTHRC1",5
"EPN","CTSZ",5
"EPN","DTL",5
"EPN","ECHDC2",5
"EPN","ELMO1",5
"EPN","ENPP5",5
"EPN","EPHA3",5
"EPN","EPHB1",5
"EPN","FAM131B",5
"EPN","FAM155A",5
"EPN","FREM2",5
"EPN","GFPT2",5
"EPN","GPD1L",5
"EPN","GPR17",5
"EPN","GPX3",5
"EPN","GRIA3",5
"EPN","HLF",5
"EPN","IGF2BP2",5
"EPN","JADE2",5
"EPN","KCNIP4",5
"EPN","KIF21B",5
"EPN","LOC100506718",5
"EPN","LOC100509457",5
"EPN","LTF",5
"EPN","MAGEL2",5
"EPN","NMNAT2",5
"EPN","NOL4",5
"EPN","PAK5",5
"EPN","PAX3",5
"EPN","PDE1C",5
"EPN","PHLDA1",5
"EPN","PPP2R2C",5
"EPN","PTPRD",5
"EPN","RRM2",5
"EPN","SCG2",5
"EPN","SEL1L2",5
"EPN","SH3GL3",5
"EPN","SHISA6",5
"EPN","SOGA1",5
"EPN","SYT13",5
"EPN","TMEM176B",5
"EPN","TOP2A",5
"EPN","TSTD1",5
"EPN","UBE2T",5
"EPN","WIF1",5
"EPN","ZFPM2",5
"EPN","ACOT7",4
"EPN","ADAM22",4
"EPN","ADORA1",4
"EPN","ALDH1A1",4
"EPN","AMFR",4
"EPN","AMPH",4
"EPN","ASCL1",4
"EPN","ATP6V1G2",4
"EPN","BHLHE22",4
"EPN","BICD1",4
"EPN","CADPS2",4
"EPN","CCNB2",4
"EPN","CEMIP",4
"EPN","CNKSR3",4
"EPN","CNTN2",4
"EPN","COL9A3",4
"EPN","DACH1",4
"EPN","DISP2",4
"EPN","EFEMP1",4
"EPN","EIF5A",4
"EPN","ENHO",4
"EPN","ETNPPL",4
"EPN","FAM83D",4
"EPN","FGF1",4
"EPN","FOSL2",4
"EPN","FUT9",4
"EPN","GCNT2",4
"EPN","HMGA1",4
"EPN","HNRNPA1",4
"EPN","JPH4",4
"EPN","KCNE3",4
"EPN","KIAA0101",4
"EPN","LOC100509445",4
"EPN","LOC101927562",4
"EPN","MEG3",4
"EPN","MELK",4
"EPN","MICAL2",4
"EPN","MS4A4A",4
"EPN","NEK2",4
"EPN","NRXN3",4
"EPN","NUDT11",4
"EPN","NUF2",4
"EPN","P2RY12",4
"EPN","PCDHB14",4
"EPN","PCDHB16",4
"EPN","PCDHB9",4
"EPN","PLAT",4
"EPN","PRICKLE1",4
"EPN","PSPH",4
"EPN","PXDN",4
"EPN","RAB27B",4
"EPN","RAMP1",4
"EPN","RGS1",4
"EPN","RIMS1",4
"EPN","RND3",4
"EPN","RNF175",4
"EPN","RNF24",4
"EPN","RYR3",4
"EPN","SAPCD2",4
"EPN","SCN1A",4
"EPN","SCRG1",4
"EPN","SERPINE2",4
"EPN","SGK494",4
"EPN","SLC1A2",4
"EPN","SLC38A1",4
"EPN","SLC4A4",4
"EPN","SLITRK1",4
"EPN","SPRY4",4
"EPN","SULF1",4
"EPN","TFCP2",4
"EPN","THSD7A",4
"EPN","TMEM54",4
"EPN","TMTC1",4
"EPN","TOX",4
"EPN","TRIM36",4
"EPN","XKR4",4
"EPN","ZCCHC24",4
"EPN","ZNF300",4
"EPN","ABCA8",3
"EPN","ADD2",3
"EPN","ADM",3
"EPN","ANKS1B",3
"EPN","ARG2",3
"EPN","ARID5B",3
"EPN","ASPHD1",3
"EPN","ASTN1",3
"EPN","ATF3",3
"EPN","C1orf21",3
"EPN","C1orf61",3
"EPN","C1QA",3
"EPN","C9orf24",3
"EPN","CAMK2N2",3
"EPN","CELSR3",3
"EPN","CENPF",3
"EPN","CENPU",3
"EPN","CHD3",3
"EPN","CNTN3",3
"EPN","CRYAB",3
"EPN","DACT1",3
"EPN","DOCK10",3
"EPN","E2F7",3
"EPN","EFNB3",3
"EPN","ELFN2",3
"EPN","ERC2",3
"EPN","ESRRG",3
"EPN","FABP5",3
"EPN","FAR2P3",3
"EPN","FGF14",3
"EPN","FHL2",3
"EPN","FHOD3",3
"EPN","GABRG1",3
"EPN","GPNMB",3
"EPN","GPR158",3
"EPN","GRIA1",3
"EPN","GYG2",3
"EPN","HEPH",3
"EPN","HOPX",3
"EPN","IGF2BP3",3
"EPN","KCND3",3
"EPN","KCNJ2",3
"EPN","KIF18B",3
"EPN","LAMA4",3
"EPN","LBH",3
"EPN","LHFPL4",3
"EPN","LINC00673",3
"EPN","LINC01088",3
"EPN","LNX1",3
"EPN","LOC100233156",3
"EPN","LOC645321",3
"EPN","LRCH2",3
"EPN","LUM",3
"EPN","MAFK",3
"EPN","MAGEE1",3
"EPN","MCF2L",3
"EPN","MEIS2",3
"EPN","MIR1178",3
"EPN","MOB3B",3
"EPN","MT3",3
"EPN","MXRA5",3
"EPN","MYO16",3
"EPN","NEFH",3
"EPN","NME3",3
"EPN","NRCAM",3
"EPN","NUP58",3
"EPN","PCDH10",3
"EPN","PDE4D",3
"EPN","PGBD5",3
"EPN","PIR",3
"EPN","PPP3R1",3
"EPN","PRIM1",3
"EPN","PRKCB",3
"EPN","RAPGEF4",3
"EPN","RASL11B",3
"EPN","RCAN3",3
"EPN","REEP1",3
"EPN","RGS4",3
"EPN","ROBO2",3
"EPN","SATB2",3
"EPN","SFRP2",3
"EPN","SLC10A4",3
"EPN","SLC1A1",3
"EPN","SLC2A14",3
"EPN","SLC7A14",3
"EPN","SPAG6",3
"EPN","SPON1",3
"EPN","ST18",3
"EPN","SULF2",3
"EPN","SUSD4",3
"EPN","SVIL",3
"EPN","TCEAL7",3
"EPN","THNSL2",3
"EPN","THY1",3
"EPN","TMEM178A",3
"EPN","TMEM246",3
"EPN","VLDLR",3
"EPN","ZEB2",3
"EPN","ZFHX4",3
"EPN","ZNF26",3
"EPN","ABCG2",2
"EPN","ADAM23",2
"EPN","ADIRF",2
"EPN","AEBP1",2
"EPN","AES",2
"EPN","AFF3",2
"EPN","AGT",2
"EPN","AR",2
"EPN","ARHGAP33",2
"EPN","ASS1",2
"EPN","ASXL3",2
"EPN","ATE1",2
"EPN","ATOH8",2
"EPN","BAZ1A",2
"EPN","BBOX1",2
"EPN","BEND5",2
"EPN","BEX1",2
"EPN","BMP2",2
"EPN","BRINP2",2
"EPN","BUB1B",2
"EPN","C11orf96",2
"EPN","C12orf66",2
"EPN","C14orf132",2
"EPN","C1S",2
"EPN","C8orf44-SGK3",2
"EPN","CABP7",2
"EPN","CACNB2",2
"EPN","CALB1",2
"EPN","CARD16",2
"EPN","CARMIL1",2
"EPN","CBWD7",2
"EPN","CCDC3",2
"EPN","CCL3L3",2
"EPN","CD24",2
"EPN","CDC20",2
"EPN","CDC42EP1",2
"EPN","CDKN1C",2
"EPN","CDKN2C",2
"EPN","CECR1",2
"EPN","CELF4",2
"EPN","CENPV",2
"EPN","CFAP126",2
"EPN","CKS2",2
"EPN","CMTM5",2
"EPN","COL6A3",2
"EPN","COL8A1",2
"EPN","COLEC12",2
"EPN","CPEB1",2
"EPN","CPNE4",2
"EPN","CPXM1",2
"EPN","CSF1R",2
"EPN","CTPS1",2
"EPN","CX3CR1",2
"EPN","CXorf57",2
"EPN","CYBB",2
"EPN","DBF4",2
"EPN","DENND1B",2
"EPN","DOCK3",2
"EPN","DOK6",2
"EPN","DSEL",2
"EPN","DYNC1I1",2
"EPN","EFHD1",2
"EPN","ELL2",2
"EPN","ELN",2
"EPN","EPB41L1",2
"EPN","ERBB4",2
"EPN","EXOSC5",2
"EPN","F13A1",2
"EPN","FAM149A",2
"EPN","FAM210A",2
"EPN","FAM43A",2
"EPN","FAM65B",2
"EPN","FAT3",2
"EPN","FGF11",2
"EPN","FIGN",2
"EPN","FKBP5",2
"EPN","FOS",2
"EPN","FOXD1",2
"EPN","FRMD5",2
"EPN","FRRS1L",2
"EPN","FSCN1",2
"EPN","FSTL5",2
"EPN","FXYD6",2
"EPN","GABBR1",2
"EPN","GADD45A",2
"EPN","GADD45B",2
"EPN","GALNT13",2
"EPN","GATS",2
"EPN","GEMIN2",2
"EPN","GLDN",2
"EPN","GNG4",2
"EPN","GPR153",2
"EPN","GPR27",2
"EPN","GPR85",2
"EPN","GPRASP1",2
"EPN","GRIK3",2
"EPN","GRIN2A",2
"EPN","GTF2I",2
"EPN","HBA2",2
"EPN","HBB",2
"EPN","HBG2",2
"EPN","HERC6",2
"EPN","HIST2H2BE",2
"EPN","HPCAL4",2
"EPN","IER3",2
"EPN","IL17RB",2
"EPN","IRS1",2
"EPN","IRX5",2
"EPN","KCNT2",2
"EPN","KIAA1549L",2
"EPN","KIF11",2
"EPN","LAMB1",2
"EPN","LDLR",2
"EPN","LINC00537",2
"EPN","LMO3",2
"EPN","LOC100507353",2
"EPN","LOC100507855",2
"EPN","LOC100996735",2
"EPN","LOC101927826",2
"EPN","LOC101928916",2
"EPN","LOC101929777",2
"EPN","LOC101930400",2
"EPN","LOC283788",2
"EPN","LOC729218",2
"EPN","LOXL2",2
"EPN","LPAR1",2
"EPN","LSAMP",2
"EPN","LY96",2
"EPN","LYPD1",2
"EPN","MAD2L1",2
"EPN","MAFB",2
"EPN","MAL2",2
"EPN","MBP",2
"EPN","MCC",2
"EPN","MEX3D",2
"EPN","MFAP2",2
"EPN","MFSD6",2
"EPN","MIR1182",2
"EPN","MIR21",2
"EPN","MIR6787",2
"EPN","MS4A6A",2
"EPN","MT1M",2
"EPN","MYBL1",2
"EPN","MYCN",2
"EPN","NACAD",2
"EPN","NCAN",2
"EPN","NDRG1",2
"EPN","NEDD4L",2
"EPN","NLGN1",2
"EPN","NMU",2
"EPN","NRXN2",2
"EPN","NSG1",2
"EPN","NT5E",2
"EPN","NTRK3",2
"EPN","OXR1",2
"EPN","PAK3",2
"EPN","PAX6",2
"EPN","PCDHB2",2
"EPN","PCDHB4",2
"EPN","PCDHB7",2
"EPN","PCLO",2
"EPN","PCOLCE2",2
"EPN","PCSK1N",2
"EPN","PDE7A",2
"EPN","PDLIM4",2
"EPN","PDZD2",2
"EPN","PITPNC1",2
"EPN","PKIB",2
"EPN","PLAGL1",2
"EPN","PLEKHH1",2
"EPN","PLK2",2
"EPN","PLXNA2",2
"EPN","PM20D2",2
"EPN","PPP1R14C",2
"EPN","PPP1R1B",2
"EPN","PRC1",2
"EPN","PRIMA1",2
"EPN","PRKCZ",2
"EPN","PTCHD1",2
"EPN","PTP4A3",2
"EPN","PUM3",2
"EPN","RAB6B",2
"EPN","RAPGEF5",2
"EPN","RBFOX1",2
"EPN","RHOU",2
"EPN","RNASE1",2
"EPN","RNF150",2
"EPN","RNFT2",2
"EPN","RUNDC3B",2
"EPN","SATB1",2
"EPN","SEL1L3",2
"EPN","SERPINI1",2
"EPN","SHC4",2
"EPN","SLC22A23",2
"EPN","SLC25A18",2
"EPN","SLC6A13",2
"EPN","SLC6A6",2
"EPN","SLC7A6",2
"EPN","SNAP91",2
"EPN","SPIN4",2
"EPN","STK17A",2
"EPN","SV2B",2
"EPN","SYN1",2
"EPN","SYNPR",2
"EPN","SYT17",2
"EPN","TAGLN3",2
"EPN","TAOK1",2
"EPN","TENM2",2
"EPN","TGFB1",2
"EPN","THBS1",2
"EPN","THRB",2
"EPN","TMOD1",2
"EPN","TMOD2",2
"EPN","TMTC2",2
"EPN","TRAPPC13",2
"EPN","TRIM22",2
"EPN","TRIP13",2
"EPN","TSPAN12",2
"EPN","TSPYL5",2
"EPN","TTC39C",2
"EPN","TUBE1",2
"EPN","TYMS",2
"EPN","UBE2C",2
"EPN","UCHL1",2
"EPN","UG0898H09",2
"EPN","UNC5C",2
"EPN","UPP1",2
"EPN","VCAM1",2
"EPN","VCAN",2
"EPN","WASF1",2
"EPN","ZDHHC14",2
"EPN","ZDHHC22",2
"EPN","ZNF521",2
"EPN","ABCB1",1
"EPN","ABCB10",1
"EPN","ABRACL",1
"EPN","ACKR1",1
"EPN","ACKR3",1
"EPN","ACSBG1",1
"EPN","ACSL4",1
"EPN","ACSL6",1
"EPN","ACSS3",1
"EPN","ADAM12",1
"EPN","ADCY7",1
"EPN","ADCY9",1
"EPN","ADGRL2",1
"EPN","ADORA3",1
"EPN","AGPS",1
"EPN","AHNAK",1
"EPN","AHR",1
"EPN","AKAP12",1
"EPN","AKAP13",1
"EPN","AKR1C3",1
"EPN","AKT1S1",1
"EPN","ALCAM",1
"EPN","ALOX5",1
"EPN","AMER2",1
"EPN","AMIGO2",1
"EPN","ANGPT2",1
"EPN","ANGPTL4",1
"EPN","ANKRD36B",1
"EPN","ANO5",1
"EPN","APBA1",1
"EPN","APLNR",1
"EPN","APLP1",1
"EPN","APOC1",1
"EPN","APOC4-APOC2",1
"EPN","ARC",1
"EPN","ARFRP1",1
"EPN","ARHGAP20",1
"EPN","ARHGAP29",1
"EPN","ARHGDIA",1
"EPN","ARHGEF3",1
"EPN","ARL10",1
"EPN","ARMCX4",1
"EPN","ARRB2",1
"EPN","ATP2B2",1
"EPN","ATP8A2",1
"EPN","BAMBI",1
"EPN","BCAS1",1
"EPN","BCL7A",1
"EPN","BEGAIN",1
"EPN","BMPR1B",1
"EPN","BOC",1
"EPN","BTBD2",1
"EPN","BTN3A2",1
"EPN","BVES",1
"EPN","C10orf35",1
"EPN","C11orf70",1
"EPN","C15orf59",1
"EPN","C16orf87",1
"EPN","C1orf54",1
"EPN","C1R",1
"EPN","C3orf70",1
"EPN","C7",1
"EPN","C8orf34",1
"EPN","C8orf82",1
"EPN","CA11",1
"EPN","CA12",1
"EPN","CA14",1
"EPN","CA2",1
"EPN","CACNA1G",1
"EPN","CADM3",1
"EPN","CAMK1",1
"EPN","CAMK4",1
"EPN","CAMKK2",1
"EPN","CAPS",1
"EPN","CASP1",1
"EPN","CAV1",1
"EPN","CBX5",1
"EPN","CCDC80",1
"EPN","CCDC88C",1
"EPN","CCL2",1
"EPN","CCNA2",1
"EPN","CCNB1",1
"EPN","CCNE2",1
"EPN","CD163",1
"EPN","CD200",1
"EPN","CD55",1
"EPN","CDC42",1
"EPN","CDC7",1
"EPN","CDCA3",1
"EPN","CDH4",1
"EPN","CDH6",1
"EPN","CDKN2A",1
"EPN","CDKN3",1
"EPN","CDS1",1
"EPN","CEBPA",1
"EPN","CELF3",1
"EPN","CENPJ",1
"EPN","CEP41",1
"EPN","CEP55",1
"EPN","CEP76",1
"EPN","CEP85",1
"EPN","CEP97",1
"EPN","CHI3L2",1
"EPN","CHL1",1
"EPN","CHML",1
"EPN","CHN1",1
"EPN","CHN2",1
"EPN","CHST1",1
"EPN","CHST11",1
"EPN","CLCN4",1
"EPN","CLCN5",1
"EPN","CLDN10",1
"EPN","CLPTM1",1
"EPN","CNTNAP3B",1
"EPN","COA1",1
"EPN","COL12A1",1
"EPN","COL1A1",1
"EPN","COL27A1",1
"EPN","COL4A5",1
"EPN","COL9A2",1
"EPN","COX20",1
"EPN","CP",1
"EPN","CPE",1
"EPN","CRISPLD1",1
"EPN","CRLF1",1
"EPN","CRMP1",1
"EPN","CRYZ",1
"EPN","CSMD1",1
"EPN","CSPG5",1
"EPN","CSRNP3",1
"EPN","CTIF",1
"EPN","CTSK",1
"EPN","CTXN1",1
"EPN","CUX2",1
"EPN","CXCL8",1
"EPN","DAAM2",1
"EPN","DAPK1",1
"EPN","DBNDD1",1
"EPN","DCHS1",1
"EPN","DCLK1",1
"EPN","DDA1",1
"EPN","DDIT4L",1
"EPN","DENND2A",1
"EPN","DEPDC1B",1
"EPN","DGKE",1
"EPN","DGKH",1
"EPN","DLC1",1
"EPN","DLEU2",1
"EPN","DLGAP5",1
"EPN","DLL1",1
"EPN","DOCK11",1
"EPN","DPF3",1
"EPN","DPP10",1
"EPN","DPP6",1
"EPN","DPYD",1
"EPN","DRAXIN",1
"EPN","DTNA",1
"EPN","DYNLL2",1
"EPN","DYNLRB2",1
"EPN","EBF1",1
"EPN","ECE1",1
"EPN","ECM2",1
"EPN","ECT2",1
"EPN","EFHC2",1
"EPN","EFNA1",1
"EPN","EFNA2",1
"EPN","EGFR",1
"EPN","EGR2",1
"EPN","EHD2",1
"EPN","EHD3",1
"EPN","EIF1AX",1
"EPN","EIF4EBP1",1
"EPN","ELFN1",1
"EPN","ELOVL2",1
"EPN","EME1",1
"EPN","EML1",1
"EPN","EML4",1
"EPN","EMX2OS",1
"EPN","ENOX1",1
"EPN","ENPP2",1
"EPN","ENPP4",1
"EPN","EPB41",1
"EPN","EPB41L3",1
"EPN","EPHB2",1
"EPN","EPHX1",1
"EPN","ERAP2",1
"EPN","EVL",1
"EPN","EXPH5",1
"EPN","EYA4",1
"EPN","FABP7",1
"EPN","FAM102B",1
"EPN","FAM110C",1
"EPN","FAM114A1",1
"EPN","FAM126A",1
"EPN","FAM189A2",1
"EPN","FAM198B",1
"EPN","FAM50B",1
"EPN","FAM60A",1
"EPN","FAM64A",1
"EPN","FAM69B",1
"EPN","FAM72A",1
"EPN","FAM81B",1
"EPN","FANCD2",1
"EPN","FARP1",1
"EPN","FAT1",1
"EPN","FBLIM1",1
"EPN","FBLL1",1
"EPN","FBLN1",1
"EPN","FBLN5",1
"EPN","FBXL15",1
"EPN","FCER1G",1
"EPN","FCGR1B",1
"EPN","FCGR3B",1
"EPN","FGD2",1
"EPN","FGF12",1
"EPN","FGF13",1
"EPN","FGFR2",1
"EPN","FGFR3",1
"EPN","FILIP1L",1
"EPN","FIZ1",1
"EPN","FLNC",1
"EPN","FMN2",1
"EPN","FNDC4",1
"EPN","FNDC5",1
"EPN","FOXM1",1
"EPN","FOXO3B",1
"EPN","FOXP2",1
"EPN","FRG1JP",1
"EPN","FRZB",1
"EPN","FSD1",1
"EPN","FZD7",1
"EPN","GAA",1
"EPN","GALNT7",1
"EPN","GAS1",1
"EPN","GAS7",1
"EPN","GBP1",1
"EPN","GBP2",1
"EPN","GBP3",1
"EPN","GDF10",1
"EPN","GFRA1",1
"EPN","GGTA1P",1
"EPN","GHR",1
"EPN","GIT1",1
"EPN","GJC1",1
"EPN","GLI3",1
"EPN","GLIS3",1
"EPN","GLRB",1
"EPN","GMPR",1
"EPN","GNAI1",1
"EPN","GOLGA8A",1
"EPN","GPALPP1",1
"EPN","GPAM",1
"EPN","GPAT4",1
"EPN","GPC6",1
"EPN","GPR137B",1
"EPN","GPR155",1
"EPN","GPR162",1
"EPN","GPR34",1
"EPN","GRK3",1
"EPN","GRK5",1
"EPN","GSAP",1
"EPN","GSE1",1
"EPN","GSTM3",1
"EPN","GTDC1",1
"EPN","GXYLT2",1
"EPN","H2BFS",1
"EPN","HELLS",1
"EPN","HEY2",1
"EPN","HIP1",1
"EPN","HIST1H2BD",1
"EPN","HIST2H2AA4",1
"EPN","HK2",1
"EPN","HLA-DRB4",1
"EPN","HMMR",1
"EPN","HMOX1",1
"EPN","HNMT",1
"EPN","HOMER1",1
"EPN","HOXC4",1
"EPN","HRH1",1
"EPN","HS1BP3",1
"EPN","HS3ST3B1",1
"EPN","HS6ST2",1
"EPN","HSPB8",1
"EPN","HTATIP2",1
"EPN","IFI16",1
"EPN","IFI35",1
"EPN","IFI44L",1
"EPN","IFT172",1
"EPN","IGDCC3",1
"EPN","IGDCC4",1
"EPN","IGFBP2",1
"EPN","IGFBP3",1
"EPN","IGFBP4",1
"EPN","IGK",1
"EPN","IGSF8",1
"EPN","IL11RA",1
"EPN","IL16",1
"EPN","IL17D",1
"EPN","INO80D",1
"EPN","INPP5F",1
"EPN","IRX2",1
"EPN","ITGA5",1
"EPN","ITGA9",1
"EPN","ITGB4",1
"EPN","ITM2C",1
"EPN","JAKMIP2",1
"EPN","JAZF1",1
"EPN","JUNB",1
"EPN","KBTBD11",1
"EPN","KCNAB1",1
"EPN","KCNJ10",1
"EPN","KCNMA1",1
"EPN","KIAA1211",1
"EPN","KIAA1211L",1
"EPN","KIAA1958",1
"EPN","KIAA2022",1
"EPN","KIF20A",1
"EPN","KIF3C",1
"EPN","KIF5A",1
"EPN","KITLG",1
"EPN","KLHDC3",1
"EPN","KPNA2",1
"EPN","KRR1",1
"EPN","LAMA2",1
"EPN","LAMP5",1
"EPN","LDLRAD4",1
"EPN","LENG8",1
"EPN","LFNG",1
"EPN","LINC00116",1
"EPN","LINC00461",1
"EPN","LIX1",1
"EPN","LMNB1",1
"EPN","LOC100129550",1
"EPN","LOC100130872",1
"EPN","LOC100134445",1
"EPN","LOC100190986",1
"EPN","LOC100288911",1
"EPN","LOC100294033",1
"EPN","LOC100505501",1
"EPN","LOC100996740",1
"EPN","LOC101926921",1
"EPN","LOC101928269",1
"EPN","LOC101929787",1
"EPN","LOC101929964",1
"EPN","LOC101930415",1
"EPN","LOC101930583",1
"EPN","LOC102724951",1
"EPN","LOC102725271",1
"EPN","LOC286052",1
"EPN","LONRF2",1
"EPN","LPCAT4",1
"EPN","LPL",1
"EPN","LRFN5",1
"EPN","LRP4",1
"EPN","LRRC4",1
"EPN","LRRN2",1
"EPN","LRRTM4",1
"EPN","LSM14B",1
"EPN","LTBP1",1
"EPN","LY6E",1
"EPN","LYZ",1
"EPN","MAFG",1
"EPN","MAOA",1
"EPN","MAP7",1
"EPN","MAPK1IP1L",1
"EPN","MAPT",1
"EPN","MARC2",1
"EPN","MARCH1",1
"EPN","MDK",1
"EPN","ME3",1
"EPN","MEIS1",1
"EPN","MEST",1
"EPN","MET",1
"EPN","MFAP4",1
"EPN","MIGA1",1
"EPN","MIR124-1",1
"EPN","MIR6741",1
"EPN","MITF",1
"EPN","MLLT11",1
"EPN","MMP16",1
"EPN","MMP2",1
"EPN","MMP9",1
"EPN","MRAP2",1
"EPN","MREG",1
"EPN","MRVI1",1
"EPN","MSANTD3-TMEFF1",1
"EPN","MSX1",1
"EPN","MTCL1",1
"EPN","MXD1",1
"EPN","MYO1B",1
"EPN","MYO5A",1
"EPN","MYOF",1
"EPN","MYRIP",1
"EPN","N4BP2L1",1
"EPN","NALCN",1
"EPN","NANOS1",1
"EPN","NAPA",1
"EPN","NBEA",1
"EPN","NBL1",1
"EPN","NBR2",1
"EPN","NCALD",1
"EPN","ND6",1
"EPN","NDN",1
"EPN","NET1",1
"EPN","NEUROD1",1
"EPN","NFE2L2",1
"EPN","NFKBIZ",1
"EPN","NHS",1
"EPN","NIM1K",1
"EPN","NIPAL2",1
"EPN","NME7",1
"EPN","NNAT",1
"EPN","NOL4L",1
"EPN","NPNT",1
"EPN","NPRL3",1
"EPN","NR1D1",1
"EPN","NR2C2AP",1
"EPN","NR2E1",1
"EPN","NR2F6",1
"EPN","NRGN",1
"EPN","NRP1",1
"EPN","NUPR1",1
"EPN","NUSAP1",1
"EPN","NXPE3",1
"EPN","OLFM1",1
"EPN","ORC6",1
"EPN","OSBPL3",1
"EPN","OSBPL6",1
"EPN","OTX2",1
"EPN","PADI2",1
"EPN","PAG1",1
"EPN","PARM1",1
"EPN","PARP8",1
"EPN","PBX2",1
"EPN","PCBP4",1
"EPN","PCDHA1",1
"EPN","PCDHB6",1
"EPN","PDE8B",1
"EPN","PDE9A",1
"EPN","PDGFD",1
"EPN","PDK1",1
"EPN","PDZRN3",1
"EPN","PEG10",1
"EPN","PEG3",1
"EPN","PERP",1
"EPN","PGAP1",1
"EPN","PHYHIPL",1
"EPN","PIEZO1",1
"EPN","PKDCC",1
"EPN","PKIA",1
"EPN","PLA2G15",1
"EPN","PLCB1",1
"EPN","PLCXD1",1
"EPN","PLCXD3",1
"EPN","PLEKHA6",1
"EPN","PLEKHA7",1
"EPN","PLEKHB1",1
"EPN","PLLP",1
"EPN","PLPP5",1
"EPN","PNMA6A",1
"EPN","PPFIA4",1
"EPN","PPL",1
"EPN","PPM1H",1
"EPN","PPP1R1A",1
"EPN","PRELID3B",1
"EPN","PRICKLE2",1
"EPN","PRKAG2-AS1",1
"EPN","PRKAR1B",1
"EPN","PROX1",1
"EPN","PRR5L",1
"EPN","PRRG1",1
"EPN","PRSS23",1
"EPN","PSMD5-AS1",1
"EPN","PSRC1",1
"EPN","PTN",1
"EPN","PTP4A1",1
"EPN","PTPRE",1
"EPN","PTPRJ",1
"EPN","PTTG1",1
"EPN","PWAR6",1
"EPN","PYGO2",1
"EPN","RAB11FIP4",1
"EPN","RAB33B",1
"EPN","RAB3IP",1
"EPN","RAB9B",1
"EPN","RALB",1
"EPN","RAP1GAP2",1
"EPN","RAPGEF6",1
"EPN","RARRES2",1
"EPN","RASA4B",1
"EPN","RASD1",1
"EPN","RASGEF1A",1
"EPN","RASSF2",1
"EPN","RAVER1",1
"EPN","RBM24",1
"EPN","RBMXL1",1
"EPN","RFTN1",1
"EPN","RGMA",1
"EPN","RGS5",1
"EPN","RMI2",1
"EPN","RMST",1
"EPN","RNASE4",1
"EPN","RNF126",1
"EPN","RNF128",1
"EPN","RNF144A",1
"EPN","RPH3A",1
"EPN","RPRM",1
"EPN","RSPH1",1
"EPN","RWDD2B",1
"EPN","S100A1",1
"EPN","S1PR3",1
"EPN","SDC3",1
"EPN","SELENBP1",1
"EPN","SELM",1
"EPN","SEPP1",1
"EPN","SEPT4",1
"EPN","SERPINA3",1
"EPN","SERPINE1",1
"EPN","SERTAD4",1
"EPN","SETD9",1
"EPN","SETSIP",1
"EPN","SH2B2",1
"EPN","SH3D19",1
"EPN","SH3RF1",1
"EPN","SHB",1
"EPN","SHROOM2",1
"EPN","SIX5",1
"EPN","SLA",1
"EPN","SLC15A2",1
"EPN","SLC16A7",1
"EPN","SLC16A9",1
"EPN","SLC17A5",1
"EPN","SLC19A2",1
"EPN","SLC25A27",1
"EPN","SLC25A32",1
"EPN","SLC25A33",1
"EPN","SLC29A4",1
"EPN","SLC35F6",1
"EPN","SLC4A3",1
"EPN","SLITRK5",1
"EPN","SMOC1",1
"EPN","SMOC2",1
"EPN","SMYD2",1
"EPN","SNCA",1
"EPN","SNCAIP",1
"EPN","SNHG17",1
"EPN","SNORA11E",1
"EPN","SNORA5B",1
"EPN","SNRNP40",1
"EPN","SNX10",1
"EPN","SNX7",1
"EPN","SOCS3",1
"EPN","SOWAHA",1
"EPN","SOX1",1
"EPN","SOX2-OT",1
"EPN","SOX6",1
"EPN","SPATC1L",1
"EPN","SPINT2",1
"EPN","SPOCK3",1
"EPN","SPP1",1
"EPN","SREBF2",1
"EPN","SRRM4",1
"EPN","SRXN1",1
"EPN","ST8SIA4",1
"EPN","STAB1",1
"EPN","STEAP2",1
"EPN","STEAP3",1
"EPN","STON2",1
"EPN","STXBP6",1
"EPN","SUSD5",1
"EPN","SYN2",1
"EPN","SYNJ2",1
"EPN","SYNPO",1
"EPN","SYNPO2",1
"EPN","SYPL1",1
"EPN","SYTL2",1
"EPN","SYTL4",1
"EPN","SZRD1",1
"EPN","TAF1C",1
"EPN","TAGLN",1
"EPN","TBC1D24",1
"EPN","TCEA3",1
"EPN","TCEAL2",1
"EPN","TENM3",1
"EPN","TFPI",1
"EPN","THBS4",1
"EPN","TIGAR",1
"EPN","TJP2",1
"EPN","TLN1",1
"EPN","TMEM108",1
"EPN","TMEM120A",1
"EPN","TMEM161B-AS1",1
"EPN","TMEM176A",1
"EPN","TMEM181",1
"EPN","TMEM183B",1
"EPN","TMEM200A",1
"EPN","TMEM200C",1
"EPN","TMEM255A",1
"EPN","TMEM268",1
"EPN","TMEM57",1
"EPN","TMEM87B",1
"EPN","TNFRSF21",1
"EPN","TOM1L1",1
"EPN","TOX2",1
"EPN","TPCN1",1
"EPN","TPD52",1
"EPN","TPPP3",1
"EPN","TPX2",1
"EPN","TRAM1L1",1
"EPN","TRAPPC1",1
"EPN","TRERF1",1
"EPN","TRIB2",1
"EPN","TRIB3",1
"EPN","TRIM14",1
"EPN","TSPAN11",1
"EPN","TSPAN33",1
"EPN","TSPYL2",1
"EPN","TTBK1",1
"EPN","TTK",1
"EPN","TTYH3",1
"EPN","TUBB2B",1
"EPN","TYRO3",1
"EPN","UBASH3B",1
"EPN","UBE2E2",1
"EPN","UBXN11",1
"EPN","UFL1",1
"EPN","UNC80",1
"EPN","UPK3BL",1
"EPN","USP3",1
"EPN","USP53",1
"EPN","VPS37B",1
"EPN","VSIG4",1
"EPN","VSTM2A",1
"EPN","WARS2",1
"EPN","WBSCR17",1
"EPN","WDR27",1
"EPN","WDR4",1
"EPN","WHSC1L1",1
"EPN","WNK3",1
"EPN","XYLT1",1
"EPN","YAP1",1
"EPN","ZBTB6",1
"EPN","ZC3H12B",1
"EPN","ZDBF2",1
"EPN","ZDHHC9",1
"EPN","ZFAND1",1
"EPN","ZIC1",1
"EPN","ZKSCAN4",1
"EPN","ZNF138",1
"EPN","ZNF462",1
"EPN","ZNF514",1
"EPN","ZNF536",1
"EPN","ZNF567",1
"EPN","ZNF692",1
"EPN","ZNF804A",1
"EPN","ZNF844",1
"EPN","ZNF883",1
"EPN","ZYX",1
"GBM","CALB1",20
"GBM","DDX3Y",19
"GBM","RELN",19
"GBM","RPS4Y1",19
"GBM","SPAG6",19
"GBM","INS-IGF2",18
"GBM","PPP1R1B",18
"GBM","C9orf24",15
"GBM","KDM5D",15
"GBM","DACH1",14
"GBM","FSTL5",14
"GBM","PAX3",14
"GBM","AHNAK2",13
"GBM","CAB39L",13
"GBM","CNTN3",13
"GBM","EIF1AY",13
"GBM","LINC01088",13
"GBM","RMST",13
"GBM","SNAP91",13
"GBM","WIF1",13
"GBM","BTBD11",12
"GBM","PIRT",12
"GBM","DOK6",11
"GBM","ERBB4",11
"GBM","GDF10",11
"GBM","IRX1",11
"GBM","LGI1",11
"GBM","NAP1L2",11
"GBM","USP9Y",11
"GBM","ZFPM2",11
"GBM","LMO3",10
"GBM","LY6H",10
"GBM","MIR548F5",10
"GBM","NEGR1",10
"GBM","PPP2R2C",10
"GBM","RASGEF1A",10
"GBM","SLIT2",10
"GBM","SLITRK5",10
"GBM","C11orf70",9
"GBM","CFAP126",9
"GBM","FGF13",9
"GBM","FZD7",9
"GBM","GPR27",9
"GBM","IRX2",9
"GBM","MN1",9
"GBM","NMNAT2",9
"GBM","PSD2",9
"GBM","RBM24",9
"GBM","RCAN3",9
"GBM","SNCA",9
"GBM","XIST",9
"GBM","ADCYAP1R1",8
"GBM","C2orf40",8
"GBM","CLDN10",8
"GBM","CRLF1",8
"GBM","CXorf57",8
"GBM","GNAL",8
"GBM","KIAA2022",8
"GBM","MET",8
"GBM","NNAT",8
"GBM","NPTX2",8
"GBM","POSTN",8
"GBM","RSPH1",8
"GBM","ZIC2",8
"GBM","CA10",7
"GBM","CADM3",7
"GBM","CECR1",7
"GBM","CEMIP",7
"GBM","CFI",7
"GBM","CYP1B1",7
"GBM","DPP10",7
"GBM","DSG2",7
"GBM","FAM155A",7
"GBM","FAM50B",7
"GBM","FOXP2",7
"GBM","GABRG1",7
"GBM","GFPT2",7
"GBM","IGFBPL1",7
"GBM","KCNB1",7
"GBM","LIX1",7
"GBM","LOC284570",7
"GBM","MEIS2",7
"GBM","NALCN",7
"GBM","PCDH7",7
"GBM","RYR3",7
"GBM","SELENBP1",7
"GBM","SH3GL2",7
"GBM","SH3GL3",7
"GBM","SMOC1",7
"GBM","STXBP5L",7
"GBM","SYNC",7
"GBM","TENM2",7
"GBM","TPBG",7
"GBM","AKR1C1",6
"GBM","ATP2B2",6
"GBM","BBOX1",6
"GBM","BRINP1",6
"GBM","CADPS",6
"GBM","CARMIL1",6
"GBM","CCL2",6
"GBM","CEP126",6
"GBM","COL5A1",6
"GBM","CXCL12",6
"GBM","DNAJA4",6
"GBM","EBF1",6
"GBM","ELAVL2",6
"GBM","ELFN2",6
"GBM","ELN",6
"GBM","ENPP5",6
"GBM","EXPH5",6
"GBM","FAM81B",6
"GBM","FRRS1L",6
"GBM","GABRB3",6
"GBM","MACROD2",6
"GBM","MYO5C",6
"GBM","NANOS1",6
"GBM","NME5",6
"GBM","NR3C2",6
"GBM","PAX6",6
"GBM","PPP1R1A",6
"GBM","SLC6A13",6
"GBM","SULF1",6
"GBM","TUSC3",6
"GBM","VSNL1",6
"GBM","ZNF423",6
"GBM","ABCA8",5
"GBM","ACSL6",5
"GBM","ADIRF",5
"GBM","AKAP13",5
"GBM","AKR1C3",5
"GBM","B3GAT2",5
"GBM","BOC",5
"GBM","BOK",5
"GBM","C8orf34",5
"GBM","CHI3L2",5
"GBM","CNTN1",5
"GBM","COL1A1",5
"GBM","COL6A2",5
"GBM","COL6A3",5
"GBM","DAPK1",5
"GBM","ENHO",5
"GBM","EXOSC7",5
"GBM","FAM110C",5
"GBM","FAM167A",5
"GBM","FBXO2",5
"GBM","FHOD3",5
"GBM","FOXG1",5
"GBM","GNG3",5
"GBM","GRIN2A",5
"GBM","GSTT1",5
"GBM","HENMT1",5
"GBM","HEPH",5
"GBM","KCNIP4",5
"GBM","KCNQ2",5
"GBM","KIAA1549L",5
"GBM","KLHDC9",5
"GBM","LOC101928916",5
"GBM","LOX",5
"GBM","LRFN5",5
"GBM","MAL2",5
"GBM","MFAP4",5
"GBM","NKAIN4",5
"GBM","NPTX1",5
"GBM","PARM1",5
"GBM","PCDH8",5
"GBM","PHACTR3",5
"GBM","PLCB4",5
"GBM","RIMS2",5
"GBM","ROR1",5
"GBM","SEMA3C",5
"GBM","SFRP2",5
"GBM","SLC44A5",5
"GBM","SNCAIP",5
"GBM","SYT1",5
"GBM","TMEM246",5
"GBM","TSTD1",5
"GBM","UGT8",5
"GBM","ADAMTS3",4
"GBM","ADCY2",4
"GBM","ALDH1L1",4
"GBM","ANKRD35",4
"GBM","APLNR",4
"GBM","ASS1",4
"GBM","BMPR1B",4
"GBM","C14orf169",4
"GBM","CACNA2D1",4
"GBM","CCDC88C",4
"GBM","CD163",4
"GBM","CD24",4
"GBM","CEP170P1",4
"GBM","CHN2",4
"GBM","CHRDL1",4
"GBM","CHRM3",4
"GBM","COL4A5",4
"GBM","COLEC12",4
"GBM","CP",4
"GBM","CRNDE",4
"GBM","EDIL3",4
"GBM","EFNB3",4
"GBM","EPHX1",4
"GBM","FAM189A2",4
"GBM","FGFR2",4
"GBM","FGFR3",4
"GBM","FLRT3",4
"GBM","FUT9",4
"GBM","GABRB1",4
"GBM","GNG4",4
"GBM","GRIA1",4
"GBM","GRM1",4
"GBM","HES6",4
"GBM","HMP19",4
"GBM","HSPA2",4
"GBM","KCNJ3",4
"GBM","KLHL29",4
"GBM","L1CAM",4
"GBM","LOC728613",4
"GBM","MAML3",4
"GBM","MASP1",4
"GBM","MFAP2",4
"GBM","MIR1182",4
"GBM","MS4A4A",4
"GBM","MSX1",4
"GBM","NARR",4
"GBM","NAV3",4
"GBM","NELL2",4
"GBM","NRXN2",4
"GBM","OLFM1",4
"GBM","OPCML",4
"GBM","PAWR",4
"GBM","PDPN",4
"GBM","PIFO",4
"GBM","PLPPR4",4
"GBM","RALYL",4
"GBM","RFX4",4
"GBM","RUNX1T1",4
"GBM","SEPT3",4
"GBM","SEZ6L",4
"GBM","SGCD",4
"GBM","SLC24A2",4
"GBM","SLC7A2",4
"GBM","SOX10",4
"GBM","SPATA18",4
"GBM","SPOCK1",4
"GBM","SYT4",4
"GBM","TCEA3",4
"GBM","TENM4",4
"GBM","TGFBR3",4
"GBM","THRB",4
"GBM","TMSB15B",4
"GBM","TPPP3",4
"GBM","TRAM1L1",4
"GBM","TSPYL5",4
"GBM","UBE2QL1",4
"GBM","WHSC1L1",4
"GBM","XKR4",4
"GBM","ZDBF2",4
"GBM","ABCA5",3
"GBM","ABTB2",3
"GBM","ACKR1",3
"GBM","ADGRV1",3
"GBM","ADORA2B",3
"GBM","AFF3",3
"GBM","AMT",3
"GBM","AQP1",3
"GBM","ASCL1",3
"GBM","ATP1A2",3
"GBM","CACNA2D2",3
"GBM","CCDC136",3
"GBM","CDH10",3
"GBM","CDKL2",3
"GBM","COBL",3
"GBM","COL11A1",3
"GBM","COL21A1",3
"GBM","COL3A1",3
"GBM","CRB1",3
"GBM","CTXN1",3
"GBM","DDIT4L",3
"GBM","DISP2",3
"GBM","DLL1",3
"GBM","DNER",3
"GBM","DYNC2H1",3
"GBM","E2F7",3
"GBM","ECM2",3
"GBM","EEF1A2",3
"GBM","EFCAB1",3
"GBM","EFEMP1",3
"GBM","EIF5A",3
"GBM","ELOVL2",3
"GBM","ELOVL7",3
"GBM","EPHA3",3
"GBM","FABP5",3
"GBM","FAM107A",3
"GBM","FAM19A5",3
"GBM","FAM43A",3
"GBM","FAT3",3
"GBM","FAT4",3
"GBM","FOLR1",3
"GBM","FXYD1",3
"GBM","FZD6",3
"GBM","GABBR2",3
"GBM","GBP3",3
"GBM","GMPR",3
"GBM","GPR34",3
"GBM","GPR85",3
"GBM","GRIA4",3
"GBM","HIST3H2A",3
"GBM","HS6ST2",3
"GBM","IER3",3
"GBM","IGF2BP3",3
"GBM","IL17D",3
"GBM","IL1R1",3
"GBM","IQCG",3
"GBM","ITGB4",3
"GBM","ITIH5",3
"GBM","JPH4",3
"GBM","JUP",3
"GBM","KCNJ16",3
"GBM","KCNK1",3
"GBM","KCNN3",3
"GBM","LAMP5",3
"GBM","LDLR",3
"GBM","LHFPL3",3
"GBM","LHX2",3
"GBM","LINC00844",3
"GBM","LINC01279",3
"GBM","LOC100509457",3
"GBM","LOC101930349",3
"GBM","LOC101930400",3
"GBM","LRP2BP",3
"GBM","LRRC34",3
"GBM","LRRC4B",3
"GBM","LTBP1",3
"GBM","MAP6",3
"GBM","MAPT",3
"GBM","MEG3",3
"GBM","MEGF10",3
"GBM","MOB3B",3
"GBM","MPPED2",3
"GBM","MYRIP",3
"GBM","NCAN",3
"GBM","NDN",3
"GBM","NEBL",3
"GBM","NEFM",3
"GBM","NHS",3
"GBM","NIPAL2",3
"GBM","NRG3",3
"GBM","PALM",3
"GBM","PCP4",3
"GBM","PDLIM4",3
"GBM","PLP1",3
"GBM","PLPP4",3
"GBM","PLXDC2",3
"GBM","PPAT",3
"GBM","PPP1R9A",3
"GBM","REEP1",3
"GBM","RERG",3
"GBM","RGN",3
"GBM","RGS20",3
"GBM","RNF165",3
"GBM","S100A8",3
"GBM","SCN3A",3
"GBM","SDK2",3
"GBM","SERPINF1",3
"GBM","SH3BGRL2",3
"GBM","SH3PXD2A",3
"GBM","SHISA6",3
"GBM","SIL1",3
"GBM","SLC15A2",3
"GBM","SLC2A10",3
"GBM","SNTA1",3
"GBM","SOCS3",3
"GBM","SOX11",3
"GBM","SPATC1L",3
"GBM","SRRM4",3
"GBM","ST6GALNAC3",3
"GBM","STMN2",3
"GBM","STON2",3
"GBM","SYN2",3
"GBM","SYNPO2",3
"GBM","TENM3",3
"GBM","TGFBI",3
"GBM","THEM4",3
"GBM","TIFA",3
"GBM","TMEFF2",3
"GBM","TMEM132C",3
"GBM","TMEM35A",3
"GBM","TUBB4A",3
"GBM","UG0898H09",3
"GBM","VAT1L",3
"GBM","ZNF880",3
"GBM","AASDH",2
"GBM","ABLIM3",2
"GBM","ACSS3",2
"GBM","ADARB1",2
"GBM","ADGRB3",2
"GBM","ADGRL3",2
"GBM","AGPAT4",2
"GBM","ALDOC",2
"GBM","AMER2",2
"GBM","AMPD3",2
"GBM","AMPH",2
"GBM","ANGPT2",2
"GBM","ANK3",2
"GBM","ANKRD36B",2
"GBM","ANO5",2
"GBM","APOD",2
"GBM","ARAP2",2
"GBM","ASTN1",2
"GBM","ASXL3",2
"GBM","ATCAY",2
"GBM","ATP6V1G2",2
"GBM","BACH2",2
"GBM","BAMBI",2
"GBM","BBOF1",2
"GBM","BCAN",2
"GBM","BMP7",2
"GBM","BVES",2
"GBM","C1S",2
"GBM","C2orf88",2
"GBM","C3orf70",2
"GBM","C4B_2",2
"GBM","C7",2
"GBM","C7orf57",2
"GBM","CADM2",2
"GBM","CCDC181",2
"GBM","CCDC80",2
"GBM","CCL3L3",2
"GBM","CD55",2
"GBM","CD93",2
"GBM","CDCA7",2
"GBM","CDK6",2
"GBM","CDKAL1",2
"GBM","CDKN1C",2
"GBM","CDON",2
"GBM","CENPV",2
"GBM","CFAP70",2
"GBM","CHI3L1",2
"GBM","CLCN4",2
"GBM","CLDN11",2
"GBM","COL8A1",2
"GBM","COLGALT2",2
"GBM","CORO2B",2
"GBM","CRIP1",2
"GBM","CSMD3",2
"GBM","CTBS",2
"GBM","CTH",2
"GBM","CTNND2",2
"GBM","CTSZ",2
"GBM","CUX2",2
"GBM","CX3CR1",2
"GBM","CYP4F12",2
"GBM","DACT1",2
"GBM","DCX",2
"GBM","DHRS7B",2
"GBM","DIRAS2",2
"GBM","DIRAS3",2
"GBM","DNAJC1",2
"GBM","DOCK3",2
"GBM","DOK5",2
"GBM","DPP6",2
"GBM","DPY19L2P2",2
"GBM","DRG2",2
"GBM","DYNLRB2",2
"GBM","ELAVL3",2
"GBM","EMP2",2
"GBM","EMP3",2
"GBM","ENPP4",2
"GBM","EPB41L4A",2
"GBM","EPHA7",2
"GBM","EPHB1",2
"GBM","ERBB2",2
"GBM","EYA2",2
"GBM","FAIM2",2
"GBM","FAM161A",2
"GBM","FAR2P3",2
"GBM","FBN2",2
"GBM","FBXO6",2
"GBM","FLNB",2
"GBM","FOXO3B",2
"GBM","FZD2",2
"GBM","GABPB2",2
"GBM","GAS7",2
"GBM","GBP1",2
"GBM","GDA",2
"GBM","GFRA1",2
"GBM","GPR158",2
"GBM","GRIA2",2
"GBM","HLA-DRA",2
"GBM","HLA-DRB4",2
"GBM","HLF",2
"GBM","HOXB2",2
"GBM","HOXB3",2
"GBM","HSPA12A",2
"GBM","HSPB8",2
"GBM","IFI44L",2
"GBM","IGFBP2",2
"GBM","IGK",2
"GBM","IGLC1",2
"GBM","IGSF21",2
"GBM","INA",2
"GBM","INHBB",2
"GBM","INSM1",2
"GBM","IRX3",2
"GBM","IRX5",2
"GBM","ISYNA1",2
"GBM","ITGA9",2
"GBM","KCNT2",2
"GBM","KIAA0485",2
"GBM","KIAA1161",2
"GBM","KIF1A",2
"GBM","KIF21B",2
"GBM","KLHL26",2
"GBM","LDB2",2
"GBM","LDLRAD4",2
"GBM","LENG8",2
"GBM","LINC00969",2
"GBM","LINGO1",2
"GBM","LOC100233156",2
"GBM","LOC100507353",2
"GBM","LOC100509445",2
"GBM","LOC101927057",2
"GBM","LOC101930583",2
"GBM","LOC102724250",2
"GBM","LOC102724884",2
"GBM","LOC103091866",2
"GBM","LOC283788",2
"GBM","LOXL1",2
"GBM","LPAR4",2
"GBM","LRP5",2
"GBM","LRRN2",2
"GBM","LSAMP",2
"GBM","LTF",2
"GBM","LUM",2
"GBM","MAB21L2",2
"GBM","MAP3K3",2
"GBM","MAP7",2
"GBM","ME1",2
"GBM","MECOM",2
"GBM","MEGF11",2
"GBM","METTL7B",2
"GBM","MFAP3L",2
"GBM","MID2",2
"GBM","MLIP",2
"GBM","MYO16",2
"GBM","MYO1B",2
"GBM","MYT1L",2
"GBM","NAP1L5",2
"GBM","NBEA",2
"GBM","NECTIN3",2
"GBM","NEDD4L",2
"GBM","NGEF",2
"GBM","NHSL1",2
"GBM","NIPAL3",2
"GBM","NME7",2
"GBM","NPNT",2
"GBM","NRXN1",2
"GBM","NSG1",2
"GBM","NTN1",2
"GBM","NTN4",2
"GBM","NUDT7",2
"GBM","OCLN",2
"GBM","PAIP2B",2
"GBM","PCDH10",2
"GBM","PCDHB5",2
"GBM","PCYT1B",2
"GBM","PDE1C",2
"GBM","PDLIM1",2
"GBM","PDLIM3",2
"GBM","PDZRN4",2
"GBM","PEG10",2
"GBM","PEG3",2
"GBM","PERP",2
"GBM","PHF11",2
"GBM","PHTF1",2
"GBM","PHYHIPL",2
"GBM","PIPOX",2
"GBM","PKIB",2
"GBM","PLEKHA7",2
"GBM","PLXNB1",2
"GBM","PMF1-BGLAP",2
"GBM","PPARGC1A",2
"GBM","PPP1R14C",2
"GBM","PQLC3",2
"GBM","PRKCB",2
"GBM","PRKCZ",2
"GBM","PROM1",2
"GBM","PRR5",2
"GBM","PSMB9",2
"GBM","PSMD5-AS1",2
"GBM","PTENP1",2
"GBM","PTGDS",2
"GBM","PTPN3",2
"GBM","PTPRC",2
"GBM","RAC3",2
"GBM","RAI2",2
"GBM","RALGPS2",2
"GBM","RAVER1",2
"GBM","RDH13",2
"GBM","RGPD6",2
"GBM","RGS7",2
"GBM","RIMS3",2
"GBM","RNASE6",2
"GBM","RND3",2
"GBM","RNF182",2
"GBM","RSPRY1",2
"GBM","RTN1",2
"GBM","RUNDC3A",2
"GBM","S100A13",2
"GBM","SCG3",2
"GBM","SCN2A",2
"GBM","SDC4",2
"GBM","SEL1L2",2
"GBM","SERPINA3",2
"GBM","SEZ6L2",2
"GBM","SGCE",2
"GBM","SHANK2",2
"GBM","SIX5",2
"GBM","SLC1A2",2
"GBM","SLC25A18",2
"GBM","SLC25A27",2
"GBM","SLC35F1",2
"GBM","SLC4A4",2
"GBM","SLITRK1",2
"GBM","SMIM10L2B",2
"GBM","SNAP25",2
"GBM","SNRNP40",2
"GBM","SOX1",2
"GBM","SPATA17",2
"GBM","SPOCK2",2
"GBM","SPTLC2",2
"GBM","ST6GAL2",2
"GBM","STMN4",2
"GBM","SULT1C4",2
"GBM","SUSD4",2
"GBM","SUSD5",2
"GBM","SVIL",2
"GBM","SYNDIG1",2
"GBM","TAOK1",2
"GBM","TCEAL2",2
"GBM","TF",2
"GBM","THBS1",2
"GBM","THNSL2",2
"GBM","TLN1",2
"GBM","TMEM158",2
"GBM","TMEM163",2
"GBM","TMEM176B",2
"GBM","TMEM178A",2
"GBM","TMEM185B",2
"GBM","TMEM200A",2
"GBM","TMEM255A",2
"GBM","TMEM47",2
"GBM","TMTC1",2
"GBM","TOM1L1",2
"GBM","TOX2",2
"GBM","TPPP",2
"GBM","TPX2",2
"GBM","TRAM2",2
"GBM","TRIL",2
"GBM","TSPAN18",2
"GBM","TUBB6",2
"GBM","UNC5A",2
"GBM","WARS2",2
"GBM","WBSCR17",2
"GBM","ZBED5-AS1",2
"GBM","ZIC1",2
"GBM","ZIC3",2
"GBM","ZNF217",2
"GBM","ZNF300P1",2
"GBM","ZNF544",2
"GBM","ABCB1",1
"GBM","ABCG2",1
"GBM","ABHD6",1
"GBM","ABI3BP",1
"GBM","ACSBG1",1
"GBM","ACTA2",1
"GBM","ADAM23",1
"GBM","ADAMTS9",1
"GBM","ADCY1",1
"GBM","ADD2",1
"GBM","ADGRF5",1
"GBM","ADHFE1",1
"GBM","AHNAK",1
"GBM","AIF1",1
"GBM","AJUBA",1
"GBM","AK1",1
"GBM","ALCAM",1
"GBM","ALDH1A3",1
"GBM","ALDH4A1",1
"GBM","ALDH6A1",1
"GBM","ALOX5AP",1
"GBM","AMFR",1
"GBM","AMIGO2",1
"GBM","AMOTL2",1
"GBM","ANGPT1",1
"GBM","ANGPTL4",1
"GBM","ANKDD1A",1
"GBM","ANKRD17",1
"GBM","ANKRD9",1
"GBM","ANKS1B",1
"GBM","ANTXR2",1
"GBM","ANXA2",1
"GBM","ANXA4",1
"GBM","APC2",1
"GBM","APCDD1",1
"GBM","AQP4",1
"GBM","AR",1
"GBM","ARFRP1",1
"GBM","ARHGAP20",1
"GBM","ARHGAP29",1
"GBM","ARHGAP32",1
"GBM","ARHGEF26",1
"GBM","ARMC3",1
"GBM","ARNTL",1
"GBM","ARSD",1
"GBM","ASPM",1
"GBM","ATAT1",1
"GBM","ATF3",1
"GBM","ATP1B2",1
"GBM","ATP8A1",1
"GBM","AVEN",1
"GBM","BAALC",1
"GBM","BAIAP3",1
"GBM","BARD1",1
"GBM","BCAS1",1
"GBM","BCL11A",1
"GBM","BEND5",1
"GBM","BEX5",1
"GBM","BHLHE22",1
"GBM","BICC1",1
"GBM","BIRC5",1
"GBM","BLMH",1
"GBM","BLVRB",1
"GBM","BMS1P5",1
"GBM","BORCS8",1
"GBM","BRINP3",1
"GBM","BTBD6",1
"GBM","C10orf10",1
"GBM","C16orf89",1
"GBM","C1orf115",1
"GBM","C1orf61",1
"GBM","C1QL1",1
"GBM","C1R",1
"GBM","C1RL",1
"GBM","C3orf14",1
"GBM","C4orf48",1
"GBM","C5",1
"GBM","C7orf13",1
"GBM","CACNA1G",1
"GBM","CACNB2",1
"GBM","CAPSL",1
"GBM","CBFA2T2",1
"GBM","CCDC18-AS1",1
"GBM","CCDC3",1
"GBM","CCNA1",1
"GBM","CCNB2",1
"GBM","CCND1",1
"GBM","CD14",1
"GBM","CD300A",1
"GBM","CD44",1
"GBM","CD53",1
"GBM","CDC42",1
"GBM","CDH2",1
"GBM","CDH4",1
"GBM","CDH6",1
"GBM","CDK1",1
"GBM","CDK2",1
"GBM","CDKN2A",1
"GBM","CDKN2C",1
"GBM","CDKN3",1
"GBM","CDO1",1
"GBM","CENPF",1
"GBM","CEP162",1
"GBM","CEP83",1
"GBM","CH17-340M24.3",1
"GBM","CHGB",1
"GBM","CHL1",1
"GBM","CHST3",1
"GBM","CKMT2-AS1",1
"GBM","CLDN5",1
"GBM","CLEC11A",1
"GBM","CLGN",1
"GBM","CNKSR2",1
"GBM","CNNM3",1
"GBM","CNR1",1
"GBM","CNTN4",1
"GBM","CNTNAP3B",1
"GBM","COL18A1",1
"GBM","COL1A2",1
"GBM","COL4A1",1
"GBM","COL4A2",1
"GBM","COPG2IT1",1
"GBM","COX20",1
"GBM","CPQ",1
"GBM","CPVL",1
"GBM","CPXM1",1
"GBM","CRIP2",1
"GBM","CRIPAK",1
"GBM","CRISPLD2",1
"GBM","CRMP1",1
"GBM","CSMD1",1
"GBM","CSPG5",1
"GBM","CTDSPL2",1
"GBM","CTGF",1
"GBM","CTNNA2",1
"GBM","CTSO",1
"GBM","CUTC",1
"GBM","CXCL16",1
"GBM","CXCL5",1
"GBM","CXCL8",1
"GBM","CYP26B1",1
"GBM","DAAM1",1
"GBM","DAAM2",1
"GBM","DAB1",1
"GBM","DALRD3",1
"GBM","DAW1",1
"GBM","DCC",1
"GBM","DCLK1",1
"GBM","DDB2",1
"GBM","DDR2",1
"GBM","DDX25",1
"GBM","DENND1A",1
"GBM","DHRS4-AS1",1
"GBM","DIRAS1",1
"GBM","DKFZP586I1420",1
"GBM","DLC1",1
"GBM","DLGAP5",1
"GBM","DMWD",1
"GBM","DNAJC12",1
"GBM","DNALI1",1
"GBM","DNM3",1
"GBM","DNPH1",1
"GBM","DOCK7",1
"GBM","DPCD",1
"GBM","DPY19L2",1
"GBM","DPYD",1
"GBM","DPYSL3",1
"GBM","DPYSL4",1
"GBM","DPYSL5",1
"GBM","DRAXIN",1
"GBM","DTL",1
"GBM","DTX4",1
"GBM","DUSP4",1
"GBM","DYM",1
"GBM","DYX1C1",1
"GBM","ECHDC3",1
"GBM","EFHC2",1
"GBM","EFHD1",1
"GBM","EFNA2",1
"GBM","EIF4EBP1",1
"GBM","ELOVL4",1
"GBM","ENOSF1",1
"GBM","ENOX1",1
"GBM","ENPEP",1
"GBM","EPB41",1
"GBM","EPB41L3",1
"GBM","EPN1",1
"GBM","ERAP1",1
"GBM","ERC2",1
"GBM","ERICH3",1
"GBM","ERRFI1",1
"GBM","EWSR1",1
"GBM","EXT2",1
"GBM","EYA4",1
"GBM","EZH2",1
"GBM","F11R",1
"GBM","F13A1",1
"GBM","F2R",1
"GBM","FAF1",1
"GBM","FAM134B",1
"GBM","FAM13A",1
"GBM","FAM155B",1
"GBM","FAM169A",1
"GBM","FAM175B",1
"GBM","FAM181B",1
"GBM","FAM189A1",1
"GBM","FAM198B",1
"GBM","FAM60A",1
"GBM","FAM65B",1
"GBM","FAM69B",1
"GBM","FAM84A",1
"GBM","FANCG",1
"GBM","FBLIM1",1
"GBM","FBLN1",1
"GBM","FBLN5",1
"GBM","FBXL16",1
"GBM","FBXL20",1
"GBM","FCGBP",1
"GBM","FCGR3B",1
"GBM","FECH",1
"GBM","FGD4",1
"GBM","FHL2",1
"GBM","FIGN",1
"GBM","FIZ1",1
"GBM","FLNA",1
"GBM","FLNC",1
"GBM","FMN2",1
"GBM","FNBP1L",1
"GBM","FNDC5",1
"GBM","FOCAD",1
"GBM","FOXD1",1
"GBM","FOXF2",1
"GBM","FREM1",1
"GBM","FREM2",1
"GBM","FRMD5",1
"GBM","FRMD6",1
"GBM","FRZB",1
"GBM","FUCA1",1
"GBM","GAD1",1
"GBM","GADD45G",1
"GBM","GALNT10",1
"GBM","GALNT15",1
"GBM","GALNT16",1
"GBM","GCAT",1
"GBM","GCH1",1
"GBM","GEMIN5",1
"GBM","GGT7",1
"GBM","GLIPR1",1
"GBM","GLRB",1
"GBM","GLUD2",1
"GBM","GNAI1",1
"GBM","GNAZ",1
"GBM","GNPDA2",1
"GBM","GPALPP1",1
"GBM","GPM6A",1
"GBM","GPR17",1
"GBM","GPR37L1",1
"GBM","GPX3",1
"GBM","GRAMD1A",1
"GBM","GRK3",1
"GBM","GRK5",1
"GBM","GSAP",1
"GBM","GSE1",1
"GBM","GSTM3",1
"GBM","GSTZ1",1
"GBM","GTF2I",1
"GBM","GULP1",1
"GBM","GXYLT2",1
"GBM","H2AFY2",1
"GBM","H2BFXP",1
"GBM","HCG18",1
"GBM","HEPN1",1
"GBM","HIF3A",1
"GBM","HLA-DMA",1
"GBM","HMBOX1",1
"GBM","HNRNPA1",1
"GBM","HNRNPUL2-BSCL2",1
"GBM","HOXA3",1
"GBM","HRASLS",1
"GBM","HS3ST3B1",1
"GBM","HSPA4L",1
"GBM","HSPB2",1
"GBM","HSPG2",1
"GBM","IFIT1",1
"GBM","IFIT3",1
"GBM","IFIT5",1
"GBM","IFITM2",1
"GBM","IFITM3",1
"GBM","IFT74",1
"GBM","IGF2BP2",1
"GBM","IGFBP4",1
"GBM","IGIP",1
"GBM","IGSF1",1
"GBM","IKZF2",1
"GBM","IL11RA",1
"GBM","IMPA2",1
"GBM","IMPACT",1
"GBM","IPO4",1
"GBM","IQGAP2",1
"GBM","IRAK1BP1",1
"GBM","IRF2BP1",1
"GBM","IRS1",1
"GBM","ITM2A",1
"GBM","JADE2",1
"GBM","JMJD6",1
"GBM","KBTBD11",1
"GBM","KCNAB1",1
"GBM","KCND2",1
"GBM","KCND3",1
"GBM","KCNE3",1
"GBM","KCNF1",1
"GBM","KCNH2",1
"GBM","KCNJ10",1
"GBM","KCNN2",1
"GBM","KCTD15",1
"GBM","KDM5C",1
"GBM","KDM6B",1
"GBM","KIAA0101",1
"GBM","KIAA1107",1
"GBM","KIF4A",1
"GBM","KIF5A",1
"GBM","KIF5C",1
"GBM","KIT",1
"GBM","KITLG",1
"GBM","KLHDC3",1
"GBM","KLHL9",1
"GBM","LAMA2",1
"GBM","LAMB2",1
"GBM","LCA5",1
"GBM","LFNG",1
"GBM","LIAS",1
"GBM","LIMK2",1
"GBM","LINC00461",1
"GBM","LINC01105",1
"GBM","LINC01138",1
"GBM","LINC01315",1
"GBM","LMNB1",1
"GBM","LNX1",1
"GBM","LOC100134445",1
"GBM","LOC100288911",1
"GBM","LOC100505501",1
"GBM","LOC100506123",1
"GBM","LOC100506558",1
"GBM","LOC100506922",1
"GBM","LOC100507547",1
"GBM","LOC100507557",1
"GBM","LOC100507855",1
"GBM","LOC100996693",1
"GBM","LOC101927705",1
"GBM","LOC101929740",1
"GBM","LOC101929819",1
"GBM","LOC101930241",1
"GBM","LOC101930404",1
"GBM","LOC101930415",1
"GBM","LOC102724788",1
"GBM","LOC102724951",1
"GBM","LOC102725051",1
"GBM","LOC102725271",1
"GBM","LOC286052",1
"GBM","LOC400043",1
"GBM","LOC401261",1
"GBM","LOC642533",1
"GBM","LOC643923",1
"GBM","LOC729218",1
"GBM","LOC93622",1
"GBM","LOXL2",1
"GBM","LPAR2",1
"GBM","LRCH1",1
"GBM","LRP8",1
"GBM","LRRC37A4P",1
"GBM","LRRC3B",1
"GBM","LRRC4",1
"GBM","LRRC4C",1
"GBM","LRRN3",1
"GBM","LSM14B",1
"GBM","LXN",1
"GBM","LYPD1",1
"GBM","LYZ",1
"GBM","MAFB",1
"GBM","MAGEH1",1
"GBM","MAGEL2",1
"GBM","MAGI3",1
"GBM","MAOB",1
"GBM","MAP3K13",1
"GBM","MAP3K5",1
"GBM","MDK",1
"GBM","MECP2",1
"GBM","MEIS1",1
"GBM","MELK",1
"GBM","MERTK",1
"GBM","MEST",1
"GBM","MEX3D",1
"GBM","MFGE8",1
"GBM","MGP",1
"GBM","MGST1",1
"GBM","MIAT",1
"GBM","MICAL2",1
"GBM","MICALL2",1
"GBM","MID1IP1",1
"GBM","MINPP1",1
"GBM","MIR1908",1
"GBM","MLC1",1
"GBM","MLH3",1
"GBM","MMAB",1
"GBM","MORC4",1
"GBM","MOXD1",1
"GBM","MPDU1",1
"GBM","MRC1",1
"GBM","MRO",1
"GBM","MRPL41",1
"GBM","MS4A7",1
"GBM","MTSS1L",1
"GBM","MXRA8",1
"GBM","MYCN",1
"GBM","MYLIP",1
"GBM","MYO18A",1
"GBM","MYSM1",1
"GBM","NAA15",1
"GBM","NAPB",1
"GBM","NAT8L",1
"GBM","NCALD",1
"GBM","NDC80",1
"GBM","NDP",1
"GBM","NDRG4",1
"GBM","NECTIN2",1
"GBM","NETO2",1
"GBM","NFATC1",1
"GBM","NFE2L2",1
"GBM","NFKBIZ",1
"GBM","NID1",1
"GBM","NINL",1
"GBM","NIPSNAP3A",1
"GBM","NLGN1",1
"GBM","NLGN4Y",1
"GBM","NOL4",1
"GBM","NPHP3-ACAD11",1
"GBM","NPIPA5",1
"GBM","NRBP1",1
"GBM","NRN1",1
"GBM","NT5DC2",1
"GBM","NUDT10",1
"GBM","NUDT16",1
"GBM","NUSAP1",1
"GBM","NXPH1",1
"GBM","OCIAD2",1
"GBM","ODF3B",1
"GBM","OLIG1",1
"GBM","OMA1",1
"GBM","P2RY12",1
"GBM","PACRG",1
"GBM","PACRGL",1
"GBM","PALMD",1
"GBM","PAMR1",1
"GBM","PAN2",1
"GBM","PARD3B",1
"GBM","PBK",1
"GBM","PBX1",1
"GBM","PCBD1",1
"GBM","PCBD2",1
"GBM","PCDH9",1
"GBM","PCDHB16",1
"GBM","PCDHGA3",1
"GBM","PCGF1",1
"GBM","PCLO",1
"GBM","PCSK1N",1
"GBM","PCSK5",1
"GBM","PDAP1",1
"GBM","PDE4A",1
"GBM","PDE7B",1
"GBM","PDK2",1
"GBM","PDK4",1
"GBM","PDLIM2",1
"GBM","PDZD2",1
"GBM","PDZRN3",1
"GBM","PER2",1
"GBM","PFKFB2",1
"GBM","PGBD5",1
"GBM","PID1",1
"GBM","PIR",1
"GBM","PITPNC1",1
"GBM","PKDCC",1
"GBM","PKIA",1
"GBM","PLA2G16",1
"GBM","PLAT",1
"GBM","PLCB1",1
"GBM","PLCXD2",1
"GBM","PLEKHA5",1
"GBM","PLEKHA6",1
"GBM","PLEKHF2",1
"GBM","PLEKHH1",1
"GBM","PLIN2",1
"GBM","PLIN5",1
"GBM","PLP2",1
"GBM","PLPPR1",1
"GBM","PLSCR4",1
"GBM","PLXNA2",1
"GBM","PNMA6A",1
"GBM","PNPLA4",1
"GBM","PNRC2",1
"GBM","POLE4",1
"GBM","POMZP3",1
"GBM","PPM1E",1
"GBM","PPP3R1",1
"GBM","PPP5C",1
"GBM","PPP5D1",1
"GBM","PRDM11",1
"GBM","PRELP",1
"GBM","PRIM1",1
"GBM","PRIMA1",1
"GBM","PRKG1",1
"GBM","PRKX",1
"GBM","PRKY",1
"GBM","PRPH",1
"GBM","PRR3",1
"GBM","PRRG1",1
"GBM","PSD3",1
"GBM","PSMD5",1
"GBM","PSPH",1
"GBM","PTK7",1
"GBM","PTP4A3",1
"GBM","PTPRD",1
"GBM","PYGO1",1
"GBM","QTRT1",1
"GBM","RAB11B",1
"GBM","RAB11FIP1",1
"GBM","RAB36",1
"GBM","RAB6B",1
"GBM","RALGPS1",1
"GBM","RAMP2",1
"GBM","RARRES2",1
"GBM","RARRES3",1
"GBM","RASA4B",1
"GBM","RASD1",1
"GBM","RASGRP1",1
"GBM","RASL10A",1
"GBM","RASSF8",1
"GBM","RAVER2",1
"GBM","RBM4",1
"GBM","RCAN2",1
"GBM","REC8",1
"GBM","RGS19",1
"GBM","RGS22",1
"GBM","RGS4",1
"GBM","RHOJ",1
"GBM","RILPL2",1
"GBM","RIT2",1
"GBM","RNASE4",1
"GBM","RNF126",1
"GBM","RNF135",1
"GBM","RNF144A",1
"GBM","RNF149",1
"GBM","RNF175",1
"GBM","RNF43",1
"GBM","ROBO1",1
"GBM","ROBO2",1
"GBM","ROR2",1
"GBM","RRAS2",1
"GBM","RREB1",1
"GBM","RRM2",1
"GBM","RRP7BP",1
"GBM","RUNDC3B",1
"GBM","S100A10",1
"GBM","SAMD1",1
"GBM","SAPCD2",1
"GBM","SATB2",1
"GBM","SBK1",1
"GBM","SCG2",1
"GBM","SCRN2",1
"GBM","SCUBE2",1
"GBM","SDC2",1
"GBM","SDHAF4",1
"GBM","SDPR",1
"GBM","SECISBP2",1
"GBM","SEL1L3",1
"GBM","SELM",1
"GBM","SEPT4",1
"GBM","SERP2",1
"GBM","SERPINE1",1
"GBM","SERPING1",1
"GBM","SERPINH1",1
"GBM","SERTAD1",1
"GBM","SERTAD4",1
"GBM","SESN1",1
"GBM","SETSIP",1
"GBM","SF3A2",1
"GBM","SF3A3",1
"GBM","SFRP1",1
"GBM","SFRP4",1
"GBM","SHROOM2",1
"GBM","SHROOM3",1
"GBM","SHTN1",1
"GBM","SIMC1",1
"GBM","SIN3A",1
"GBM","SIPA1L1",1
"GBM","SKAP2",1
"GBM","SKIDA1",1
"GBM","SLC10A4",1
"GBM","SLC16A14",1
"GBM","SLC16A6",1
"GBM","SLC16A9",1
"GBM","SLC22A23",1
"GBM","SLC25A15",1
"GBM","SLC29A4",1
"GBM","SLC43A3",1
"GBM","SLC44A3",1
"GBM","SLC4A2",1
"GBM","SLC6A1",1
"GBM","SLC6A6",1
"GBM","SLCO1C1",1
"GBM","SMARCB1",1
"GBM","SMARCE1",1
"GBM","SMG1P5",1
"GBM","SMOC2",1
"GBM","SNED1",1
"GBM","SNHG17",1
"GBM","SNPH",1
"GBM","SOCS2",1
"GBM","SORBS2",1
"GBM","SOX9",1
"GBM","SPA17",1
"GBM","SPATA7",1
"GBM","SPATS2",1
"GBM","SPON1",1
"GBM","SPRY4",1
"GBM","SPX",1
"GBM","SRA1",1
"GBM","SREBF2",1
"GBM","SRGAP3",1
"GBM","SRPX",1
"GBM","SRR",1
"GBM","SRSF3",1
"GBM","SSBP3",1
"GBM","SSPN",1
"GBM","ST8SIA4",1
"GBM","STARD13",1
"GBM","STAU2",1
"GBM","STEAP2",1
"GBM","STOM",1
"GBM","STON1",1
"GBM","STPG1",1
"GBM","STX5",1
"GBM","SYBU",1
"GBM","SYNE1",1
"GBM","SYNE2",1
"GBM","SYNE3",1
"GBM","SYNGR3",1
"GBM","SYTL4",1
"GBM","TAGLN2",1
"GBM","TAPT1-AS1",1
"GBM","TC2N",1
"GBM","TCEAL7",1
"GBM","TCF12",1
"GBM","TCF7L1",1
"GBM","TCTEX1D1",1
"GBM","TCTN1",1
"GBM","TDRD9",1
"GBM","TEKT4P2",1
"GBM","TENM1",1
"GBM","TEX9",1
"GBM","TGFB1",1
"GBM","TGFB1I1",1
"GBM","TGIF1",1
"GBM","THSD7A",1
"GBM","TIMM23B",1
"GBM","TJP2",1
"GBM","TLE4",1
"GBM","TMEM107",1
"GBM","TMEM108",1
"GBM","TMEM132B",1
"GBM","TMEM160",1
"GBM","TMEM161B-AS1",1
"GBM","TMEM178B",1
"GBM","TMEM204",1
"GBM","TMEM216",1
"GBM","TMEM98",1
"GBM","TMEM99",1
"GBM","TNC",1
"GBM","TNFRSF11B",1
"GBM","TNFRSF19",1
"GBM","TNFRSF1B",1
"GBM","TNS2",1
"GBM","TOP2A",1
"GBM","TOX",1
"GBM","TOX3",1
"GBM","TPD52L1",1
"GBM","TRAPPC13",1
"GBM","TRIM22",1
"GBM","TRIM36",1
"GBM","TRIP10",1
"GBM","TRIP13",1
"GBM","TRNP1",1
"GBM","TSHZ3",1
"GBM","TST",1
"GBM","TTC9",1
"GBM","TTYH1",1
"GBM","TUBB2B",1
"GBM","TUSC1",1
"GBM","TYRO3",1
"GBM","TYW3",1
"GBM","UBE2C",1
"GBM","UBXN11",1
"GBM","UHRF1",1
"GBM","ULK2",1
"GBM","UPK3BL",1
"GBM","USP51",1
"GBM","USP53",1
"GBM","UTRN",1
"GBM","VAMP1",1
"GBM","VAMP2",1
"GBM","VANGL1",1
"GBM","VCAM1",1
"GBM","VPS37B",1
"GBM","VSTM2L",1
"GBM","VWA1",1
"GBM","VWF",1
"GBM","WDR17",1
"GBM","WDR90",1
"GBM","WEE1",1
"GBM","WIPF3",1
"GBM","WNK3",1
"GBM","WWC1",1
"GBM","WWOX",1
"GBM","XPO7",1
"GBM","ZBTB16",1
"GBM","ZBTB46",1
"GBM","ZBTB6",1
"GBM","ZBTB7C",1
"GBM","ZC3H12B",1
"GBM","ZC4H2",1
"GBM","ZDHHC11B",1
"GBM","ZDHHC13",1
"GBM","ZFHX4",1
"GBM","ZFP69",1
"GBM","ZFR2",1
"GBM","ZFY",1
"GBM","ZNF133",1
"GBM","ZNF136",1
"GBM","ZNF148",1
"GBM","ZNF204P",1
"GBM","ZNF292",1
"GBM","ZNF316",1
"GBM","ZNF404",1
"GBM","ZNF518B",1
"GBM","ZNF521",1
"GBM","ZNF542P",1
"GBM","ZNF687",1
"GBM","ZNF883",1
"GBM","ZYX",1
"MED","ASCL1",19
"MED","LINC00844",18
"MED","LYPD1",18
"MED","TTYH1",16
"MED","COBL",15
"MED","GLIS3",15
"MED","FGFR3",14
"MED","RFX4",14
"MED","KCNJ10",13
"MED","MLC1",13
"MED","NACC2",13
"MED","SALL1",13
"MED","BCAN",12
"MED","ITGB4",12
"MED","BBOX1",11
"MED","CHI3L1",11
"MED","LIX1",11
"MED","BMP7",10
"MED","BMPR1B",10
"MED","CRB1",10
"MED","FAR2P3",10
"MED","LOC101927057",10
"MED","LOC284570",10
"MED","PLEKHB1",10
"MED","S100B",10
"MED","SLC25A18",10
"MED","CX3CR1",9
"MED","FAM181B",9
"MED","GFAP",9
"MED","HEPN1",9
"MED","KCNJ16",9
"MED","LRP4",9
"MED","NEBL",9
"MED","OLIG1",9
"MED","PLP1",9
"MED","SOX2-OT",9
"MED","TPPP3",9
"MED","TRIM47",9
"MED","UST",9
"MED","ALDH1L1",8
"MED","AQP4",8
"MED","BCHE",8
"MED","FIGN",8
"MED","NTRK2",8
"MED","PDLIM3",8
"MED","PMP2",8
"MED","SLC15A2",8
"MED","ARAP2",7
"MED","BHLHE40",7
"MED","C3",7
"MED","COL4A5",7
"MED","EFEMP1",7
"MED","GRIA3",7
"MED","LGI1",7
"MED","LINC00673",7
"MED","MAOB",7
"MED","MEGF10",7
"MED","MFAP3L",7
"MED","MT3",7
"MED","NPAS3",7
"MED","PCDH10",7
"MED","PLA2G16",7
"MED","POU3F2",7
"MED","PPP1R1B",7
"MED","PRUNE2",7
"MED","SATB2",7
"MED","SCRG1",7
"MED","SOX2",7
"MED","SYBU",7
"MED","SYT17",7
"MED","ALCAM",6
"MED","ATP1B2",6
"MED","BHLHE41",6
"MED","C2orf72",6
"MED","CCND1",6
"MED","CSGALNACT1",6
"MED","HSPB8",6
"MED","ITPKB",6
"MED","LOC401317",6
"MED","NOTCH2",6
"MED","PCDH9",6
"MED","PLPP3",6
"MED","PPP1R3C",6
"MED","PSMB8",6
"MED","PTPRZ1",6
"MED","RPS4Y1",6
"MED","SLC22A23",6
"MED","SMOC1",6
"MED","SOX6",6
"MED","SOX8",6
"MED","SYNM",6
"MED","TMEM255A",6
"MED","TRIL",6
"MED","ADCY2",5
"MED","ADCYAP1R1",5
"MED","ALDOC",5
"MED","AQP1",5
"MED","B3GAT2",5
"MED","BAMBI",5
"MED","CD14",5
"MED","CLDN10",5
"MED","FCGBP",5
"MED","FGFR2",5
"MED","FIBIN",5
"MED","FOS",5
"MED","GLDC",5
"MED","GNAL",5
"MED","IGSF11",5
"MED","KAZN",5
"MED","KCNN3",5
"MED","LHFPL3",5
"MED","LMF1",5
"MED","LSAMP",5
"MED","LY6H",5
"MED","MN1",5
"MED","OLIG2",5
"MED","PAQR6",5
"MED","PARP9",5
"MED","PBX3",5
"MED","PSMB9",5
"MED","RHPN2",5
"MED","SAMD4A",5
"MED","SLC2A10",5
"MED","THRB",5
"MED","TNC",5
"MED","ACKR3",4
"MED","ALOX5AP",4
"MED","C8orf46",4
"MED","CCDC80",4
"MED","CD163",4
"MED","CD44",4
"MED","COL11A1",4
"MED","COL6A2",4
"MED","CREB3L2",4
"MED","CXCL16",4
"MED","CXorf57",4
"MED","ECM2",4
"MED","EMP3",4
"MED","EVI2A",4
"MED","FAM129A",4
"MED","FAM20C",4
"MED","GRIA4",4
"MED","HLA-DMA",4
"MED","IFIT3",4
"MED","KANK2",4
"MED","KLHL13",4
"MED","LAMB2",4
"MED","LOC100509457",4
"MED","LOC100996740",4
"MED","LOC101929787",4
"MED","LOC643923",4
"MED","LPAR1",4
"MED","MAP7",4
"MED","MSX1",4
"MED","MT1M",4
"MED","MX1",4
"MED","NAP1L2",4
"MED","NDP",4
"MED","NMI",4
"MED","NPAS2",4
"MED","OSBPL6",4
"MED","PADI2",4
"MED","PARM1",4
"MED","PHGDH",4
"MED","PROM1",4
"MED","RARRES3",4
"MED","RASGEF1A",4
"MED","RSPH1",4
"MED","S100A8",4
"MED","SCG5",4
"MED","SDC4",4
"MED","SNX7",4
"MED","TENM4",4
"MED","TF",4
"MED","VSIG4",4
"MED","ABCA8",3
"MED","AGA",3
"MED","ANXA1",3
"MED","ARNTL",3
"MED","BAALC",3
"MED","BOC",3
"MED","C2CD2",3
"MED","C2orf40",3
"MED","CCDC113",3
"MED","CDKN1C",3
"MED","CHL1",3
"MED","CHRDL1",3
"MED","CHST11",3
"MED","CHST3",3
"MED","CMTM3",3
"MED","CNTN3",3
"MED","COL9A3",3
"MED","CPT1A",3
"MED","DDR2",3
"MED","DDX3Y",3
"MED","DNM3",3
"MED","DOK5",3
"MED","DPP10",3
"MED","DSEL",3
"MED","EFHD1",3
"MED","EGFR",3
"MED","ELFN2",3
"MED","FAIM2",3
"MED","FAM69A",3
"MED","FAT1",3
"MED","FBXO2",3
"MED","FGF1",3
"MED","FUT9",3
"MED","FXYD1",3
"MED","GBP3",3
"MED","GLI3",3
"MED","GPR34",3
"MED","GRAMD3",3
"MED","HES1",3
"MED","IGF2BP3",3
"MED","INS-IGF2",3
"MED","IQCG",3
"MED","JAKMIP2",3
"MED","LOC101930349",3
"MED","LOC728613",3
"MED","LONRF2",3
"MED","MCUB",3
"MED","METRN",3
"MED","MGST1",3
"MED","MSRB3",3
"MED","NALCN",3
"MED","NKAIN4",3
"MED","NME5",3
"MED","NTN1",3
"MED","PIFO",3
"MED","PLP2",3
"MED","PPP1R14C",3
"MED","PRKD1",3
"MED","PSMD5",3
"MED","RALGPS2",3
"MED","RAMP1",3
"MED","RNASE4",3
"MED","RTKN",3
"MED","SEL1L3",3
"MED","SHC1",3
"MED","SLC1A3",3
"MED","SLC35F1",3
"MED","SOX10",3
"MED","SYNDIG1",3
"MED","SYNJ2",3
"MED","THBS2",3
"MED","TLE4",3
"MED","TPPP",3
"MED","TSPYL5",3
"MED","VWA5A",3
"MED","YAP1",3
"MED","ZBTB16",3
"MED","ZC3HAV1",3
"MED","ZDHHC2",3
"MED","AAED1",2
"MED","ABAT",2
"MED","ACSS3",2
"MED","ADAMTS9",2
"MED","AFF3",2
"MED","AGT",2
"MED","AHNAK",2
"MED","AHNAK2",2
"MED","AIF1L",2
"MED","ANGPT2",2
"MED","ANK2",2
"MED","ANOS1",2
"MED","ANXA4",2
"MED","APLNR",2
"MED","ARHGAP29",2
"MED","ARL4C",2
"MED","ASTN2",2
"MED","BTN3A2",2
"MED","C17orf97",2
"MED","C4B_2",2
"MED","CADM2",2
"MED","CAV1",2
"MED","CBS",2
"MED","CD53",2
"MED","CD74",2
"MED","CD93",2
"MED","CDCA7L",2
"MED","CEP126",2
"MED","CHI3L2",2
"MED","CLU",2
"MED","CNTN1",2
"MED","COL9A2",2
"MED","CRTAP",2
"MED","CRYAB",2
"MED","CSPG5",2
"MED","CSRNP3",2
"MED","CTNNA2",2
"MED","CXCL14",2
"MED","CYBRD1",2
"MED","CYP1B1",2
"MED","DCX",2
"MED","DFNA5",2
"MED","DIRAS3",2
"MED","DNALI1",2
"MED","DNER",2
"MED","DOCK10",2
"MED","DZIP1",2
"MED","ELAVL4",2
"MED","EML1",2
"MED","ENDOD1",2
"MED","EPDR1",2
"MED","EPHA4",2
"MED","EPHX1",2
"MED","ERBB4",2
"MED","F3",2
"MED","FABP7",2
"MED","FAM107A",2
"MED","FAM46A",2
"MED","FAS",2
"MED","FAT3",2
"MED","FCGR1B",2
"MED","FEZ1",2
"MED","FGFRL1",2
"MED","FNDC4",2
"MED","FOXG1",2
"MED","FPR1",2
"MED","FRMD5",2
"MED","GAD1",2
"MED","GALNT10",2
"MED","GAS7",2
"MED","GRIA1",2
"MED","GSTT1",2
"MED","HDAC9",2
"MED","HEPH",2
"MED","HES4",2
"MED","HMG20B",2
"MED","HOPX",2
"MED","ID4",2
"MED","IER3",2
"MED","IFI44",2
"MED","IFI44L",2
"MED","IFIT1",2
"MED","IGF2BP2",2
"MED","IGFBP3",2
"MED","ILVBL",2
"MED","IRX1",2
"MED","ISG15",2
"MED","ITPR1",2
"MED","ITPRIPL2",2
"MED","KANK1",2
"MED","KCNA2",2
"MED","KLF4",2
"MED","KLHDC9",2
"MED","LINC00461",2
"MED","LOC101927705",2
"MED","LOC646762",2
"MED","LOC727820",2
"MED","LPL",2
"MED","LRRC34",2
"MED","LRRN2",2
"MED","MAFK",2
"MED","MAML2",2
"MED","MAN2A1",2
"MED","MAP1A",2
"MED","MASP1",2
"MED","MEGF11",2
"MED","MEIS1",2
"MED","MIR1182",2
"MED","MOB3B",2
"MED","MPPED2",2
"MED","MRC2",2
"MED","MTMR11",2
"MED","MYC",2
"MED","NCALD",2
"MED","NECTIN2",2
"MED","NES",2
"MED","NIM1K",2
"MED","NKX2-2",2
"MED","NR2F1-AS1",2
"MED","P2RY12",2
"MED","PARP12",2
"MED","PBX1",2
"MED","PCP4",2
"MED","PCSK1N",2
"MED","PDE8B",2
"MED","PDGFRA",2
"MED","PDLIM1",2
"MED","PDZRN3",2
"MED","PEAK1",2
"MED","PHF11",2
"MED","PLEKHA2",2
"MED","PLEKHG1",2
"MED","PLPP4",2
"MED","POSTN",2
"MED","PPP1R9A",2
"MED","PPP2R2B",2
"MED","PRIMA1",2
"MED","PSD2",2
"MED","PSMD5-AS1",2
"MED","PTRF",2
"MED","RAB31",2
"MED","RARRES2",2
"MED","RMST",2
"MED","RNF26",2
"MED","S100A10",2
"MED","S100A13",2
"MED","SCN3A",2
"MED","SCRN1",2
"MED","SEL1L2",2
"MED","SEMA5A",2
"MED","SERPINA3",2
"MED","SGCE",2
"MED","SIPA1L2",2
"MED","SIRPA",2
"MED","SLC18B1",2
"MED","SLC2A13",2
"MED","SLC2A5",2
"MED","SLC4A4",2
"MED","SMAD3",2
"MED","SNCA",2
"MED","SNCAIP",2
"MED","SOCS3",2
"MED","SORL1",2
"MED","SPATA6",2
"MED","SUSD4",2
"MED","TAP2",2
"MED","TBL1X",2
"MED","TCEAL2",2
"MED","TCEAL7",2
"MED","TCF7L2",2
"MED","TDRD7",2
"MED","TGFB1I1",2
"MED","TGFB2",2
"MED","TIMP1",2
"MED","TMEM150C",2
"MED","TMEM168",2
"MED","TMEM35A",2
"MED","TMEM45A",2
"MED","TNFRSF19",2
"MED","TRIM22",2
"MED","TRIM56",2
"MED","TRPS1",2
"MED","TST",2
"MED","UBE2E2",2
"MED","USP2",2
"MED","VEGFA",2
"MED","WNT5A",2
"MED","ZCCHC24",2
"MED","ACSL1",1
"MED","ACSL6",1
"MED","ADAMTS3",1
"MED","ADGRG1",1
"MED","ADGRL3",1
"MED","ADGRV1",1
"MED","ADM",1
"MED","ADORA1",1
"MED","ALDH5A1",1
"MED","ALOX5",1
"MED","AMFR",1
"MED","AMPH",1
"MED","ANK3",1
"MED","APBB1IP",1
"MED","APC2",1
"MED","APOD",1
"MED","APOE",1
"MED","ARHGAP18",1
"MED","ARHGEF10",1
"MED","ARHGEF26",1
"MED","ARL4A",1
"MED","ASTN1",1
"MED","ASXL3",1
"MED","ATF3",1
"MED","ATP6V1G2",1
"MED","AXL",1
"MED","B3GALNT1",1
"MED","B3GLCT",1
"MED","BACE2",1
"MED","BBOF1",1
"MED","BEND7",1
"MED","BEX2",1
"MED","BEX5",1
"MED","BGN",1
"MED","BRINP3",1
"MED","BST2",1
"MED","BVES",1
"MED","C19orf66",1
"MED","C1orf61",1
"MED","C1QB",1
"MED","C1R",1
"MED","C1S",1
"MED","C2orf80",1
"MED","C3orf70",1
"MED","C8orf34",1
"MED","C8orf44-SGK3",1
"MED","C9orf24",1
"MED","CA2",1
"MED","CAB39L",1
"MED","CACNA1G",1
"MED","CADM3",1
"MED","CALB1",1
"MED","CAP2",1
"MED","CAST",1
"MED","CCDC136",1
"MED","CCL2",1
"MED","CD109",1
"MED","CD55",1
"MED","CD58",1
"MED","CEBPD",1
"MED","CFAP126",1
"MED","CFAP52",1
"MED","CFI",1
"MED","CHN2",1
"MED","CHRM3",1
"MED","CHST6",1
"MED","CLIC1",1
"MED","CNR1",1
"MED","COL27A1",1
"MED","COL6A3",1
"MED","COLGALT2",1
"MED","CPVL",1
"MED","CRISPLD1",1
"MED","CSF1R",1
"MED","CSMD3",1
"MED","CSRP1",1
"MED","CX3CL1",1
"MED","CYB5R1",1
"MED","CYP2U1",1
"MED","CYR61",1
"MED","DENND1B",1
"MED","DGKH",1
"MED","DHRS4-AS1",1
"MED","DIAPH2",1
"MED","DIRAS2",1
"MED","DMRTC1B",1
"MED","DNAJA4",1
"MED","DNMBP",1
"MED","DOCK3",1
"MED","DPY19L2P2",1
"MED","DPYD",1
"MED","DTNA",1
"MED","DTX3L",1
"MED","DYRK4",1
"MED","EDNRB",1
"MED","EFCAB1",1
"MED","EFHC2",1
"MED","EFNB2",1
"MED","EFNB3",1
"MED","EFS",1
"MED","EGR1",1
"MED","ELAVL3",1
"MED","ELL2",1
"MED","ELN",1
"MED","EMP1",1
"MED","ENHO",1
"MED","ENPP2",1
"MED","EPHB1",1
"MED","ERICH3",1
"MED","ESRRG",1
"MED","ETFB",1
"MED","EYA2",1
"MED","EYA4",1
"MED","FABP5",1
"MED","FAM110B",1
"MED","FAM110C",1
"MED","FAM169A",1
"MED","FAM189A2",1
"MED","FAM198B",1
"MED","FAM49A",1
"MED","FAM69C",1
"MED","FAM81B",1
"MED","FAXC",1
"MED","FBLN5",1
"MED","FBXO6",1
"MED","FGF13",1
"MED","FLRT3",1
"MED","FOLR1",1
"MED","FOXJ1",1
"MED","FXYD6",1
"MED","FZD5",1
"MED","FZD7",1
"MED","GABARAPL3",1
"MED","GABBR1",1
"MED","GABBR2",1
"MED","GADD45B",1
"MED","GALNT15",1
"MED","GAREM2",1
"MED","GCA",1
"MED","GFPT2",1
"MED","GLIPR1",1
"MED","GLUD2",1
"MED","GMPR",1
"MED","GNG3",1
"MED","GNG4",1
"MED","GNG7",1
"MED","GPD1L",1
"MED","GPM6B",1
"MED","GPNMB",1
"MED","GPR158",1
"MED","GPR17",1
"MED","GPRC5B",1
"MED","GPX3",1
"MED","GRIA2",1
"MED","GSPT2",1
"MED","HAPLN1",1
"MED","HAS2",1
"MED","HBA2",1
"MED","HBB",1
"MED","HEG1",1
"MED","HENMT1",1
"MED","HERC5",1
"MED","HIST1H2AC",1
"MED","HLA-DPA1",1
"MED","HLA-DPB1",1
"MED","HLA-DRA",1
"MED","HLA-DRB1",1
"MED","HLA-DRB4",1
"MED","HMBOX1",1
"MED","HMP19",1
"MED","HNMT",1
"MED","HRH1",1
"MED","HS3ST3B1",1
"MED","HSPA12A",1
"MED","HSPA2",1
"MED","HYLS1",1
"MED","ID1",1
"MED","ID2",1
"MED","ID2B",1
"MED","IGDCC4",1
"MED","IGK",1
"MED","IL13RA2",1
"MED","IL17D",1
"MED","IL17RB",1
"MED","IL1R1",1
"MED","IMPACT",1
"MED","INHBB",1
"MED","JAM2",1
"MED","KCND2",1
"MED","KCND3",1
"MED","KCNQ2",1
"MED","KCNT2",1
"MED","KIAA2022",1
"MED","KIF5A",1
"MED","KLF3",1
"MED","KLF9",1
"MED","L1CAM",1
"MED","LAMA4",1
"MED","LATS2",1
"MED","LDB2",1
"MED","LFNG",1
"MED","LGALS3",1
"MED","LINC00116",1
"MED","LINC01088",1
"MED","LINC01138",1
"MED","LMO3",1
"MED","LOC100129129",1
"MED","LOC100288911",1
"MED","LOC100506558",1
"MED","LOC100507353",1
"MED","LOC100507855",1
"MED","LOC100996693",1
"MED","LOC100996735",1
"MED","LOC100996809",1
"MED","LOC101928916",1
"MED","LOC101930489",1
"MED","LOC102725051",1
"MED","LOC283788",1
"MED","LOC339166",1
"MED","LOC400043",1
"MED","LOX",1
"MED","LPAR4",1
"MED","LRCH2",1
"MED","LRFN5",1
"MED","LRRN3",1
"MED","LRRTM2",1
"MED","LRRTM4",1
"MED","LUM",1
"MED","MAB21L2",1
"MED","MAFF",1
"MED","MAMLD1",1
"MED","MAN1C1",1
"MED","MAP3K13",1
"MED","MAPK10",1
"MED","MBLAC2",1
"MED","MDFIC",1
"MED","MEF2C",1
"MED","MEIS2",1
"MED","MERTK",1
"MED","MGP",1
"MED","MICU3",1
"MED","MIR6787",1
"MED","MIR7110",1
"MED","MRI1",1
"MED","MS4A4A",1
"MED","MS4A7",1
"MED","MT1E",1
"MED","MYADM",1
"MED","MYLIP",1
"MED","MYLK",1
"MED","MYO6",1
"MED","MYOF",1
"MED","NACAD",1
"MED","NARR",1
"MED","NDFIP2",1
"MED","NDRG1",1
"MED","NDRG4",1
"MED","NEGR1",1
"MED","NEK6",1
"MED","NFASC",1
"MED","NFKBIZ",1
"MED","NGEF",1
"MED","NHS",1
"MED","NIPSNAP3A",1
"MED","NMNAT2",1
"MED","NPNT",1
"MED","NRARP",1
"MED","NRXN1",1
"MED","NRXN2",1
"MED","NT5E",1
"MED","OPCML",1
"MED","PALLD",1
"MED","PAMR1",1
"MED","PAWR",1
"MED","PAX6",1
"MED","PCDH17",1
"MED","PCDH7",1
"MED","PDE4B",1
"MED","PDE8A",1
"MED","PDK4",1
"MED","PDLIM4",1
"MED","PDPN",1
"MED","PEG10",1
"MED","PFKFB2",1
"MED","PHACTR3",1
"MED","PHLDA1",1
"MED","PIAS3",1
"MED","PID1",1
"MED","PIEZO1",1
"MED","PIPOX",1
"MED","PIRT",1
"MED","PKNOX2",1
"MED","PLAT",1
"MED","PLCB1",1
"MED","PLCE1",1
"MED","PLOD2",1
"MED","PLPPR4",1
"MED","PLTP",1
"MED","PMP22",1
"MED","PNP",1
"MED","POLE4",1
"MED","PPARGC1A",1
"MED","PRKCA",1
"MED","PRRT2",1
"MED","PSAT1",1
"MED","PSD3",1
"MED","PTGFRN",1
"MED","PTPN13",1
"MED","PTX3",1
"MED","RAB29",1
"MED","RBP1",1
"MED","RDH10",1
"MED","RDH13",1
"MED","RGL1",1
"MED","RGMA",1
"MED","RGS1",1
"MED","RHOJ",1
"MED","RIMS3",1
"MED","RNF24",1
"MED","ROBO1",1
"MED","RRAS",1
"MED","RUNDC3A",1
"MED","RYR3",1
"MED","S100A11",1
"MED","SALL3",1
"MED","SCG2",1
"MED","SCIN",1
"MED","SCML1",1
"MED","SCN2A",1
"MED","SEC14L2",1
"MED","SELENBP1",1
"MED","SERPINA1",1
"MED","SERPINI1",1
"MED","SGCD",1
"MED","SH3BGR",1
"MED","SHANK3",1
"MED","SHC3",1
"MED","SHISA4",1
"MED","SIL1",1
"MED","SLA",1
"MED","SLC12A7",1
"MED","SLC24A3",1
"MED","SLC2A3",1
"MED","SLC39A14",1
"MED","SLC6A1",1
"MED","SLC7A11",1
"MED","SLCO1C1",1
"MED","SLIT1",1
"MED","SLIT2",1
"MED","SLITRK1",1
"MED","SLITRK5",1
"MED","SMARCD3",1
"MED","SNAP25",1
"MED","SNX21",1
"MED","SORBS2",1
"MED","SOX9",1
"MED","SPAG6",1
"MED","SPATA13",1
"MED","SPATA18",1
"MED","SPATA20",1
"MED","SRGAP1",1
"MED","SRPX",1
"MED","SSTR1",1
"MED","ST8SIA1",1
"MED","STAG2",1
"MED","STMN4",1
"MED","STON2",1
"MED","STOX1",1
"MED","STX17",1
"MED","SULF1",1
"MED","SVIP",1
"MED","SYNGR3",1
"MED","SYT1",1
"MED","SYTL2",1
"MED","TCEA2",1
"MED","TCTEX1D1",1
"MED","TGIF1",1
"MED","THY1",1
"MED","TLE2",1
"MED","TMEFF2",1
"MED","TMEM132C",1
"MED","TMEM158",1
"MED","TMEM161B-AS1",1
"MED","TMEM163",1
"MED","TMEM176B",1
"MED","TMEM200A",1
"MED","TMEM200C",1
"MED","TMEM246",1
"MED","TNFRSF10B",1
"MED","TNFRSF12A",1
"MED","TOX",1
"MED","TPBG",1
"MED","TRAM2",1
"MED","TRIM25",1
"MED","TRIM32",1
"MED","TSPAN11",1
"MED","TSPO",1
"MED","TSTD1",1
"MED","TTC39C",1
"MED","UBE2QL1",1
"MED","UGT8",1
"MED","VAMP1",1
"MED","VCAN",1
"MED","VWA1",1
"MED","WARS2",1
"MED","WDR17",1
"MED","WIF1",1
"MED","WIPI1",1
"MED","WWC1",1
"MED","XAF1",1
"MED","XIST",1
"MED","ZFPM1",1
"MED","ZFPM2",1
"MED","ZIC2",1
"MED","ZMAT1",1
"MED","ZNF395",1
"MED","ZNF521",1
"MED","ZNF703",1
"MED","ZNF91",1
"PA","C9orf24",15
"PA","PPP2R2C",15
"PA","SH3GL3",15
"PA","RMST",14
"PA","SPAG6",14
"PA","DACH1",13
"PA","FOXG1",13
"PA","RELN",13
"PA","SNCAIP",13
"PA","ELAVL2",12
"PA","INSM1",12
"PA","SYT4",12
"PA","CALB1",11
"PA","CD24",11
"PA","FSTL5",11
"PA","NEDD4L",11
"PA","PPP1R1B",11
"PA","E2F7",10
"PA","FOXP2",10
"PA","TRIM36",10
"PA","EGFR",9
"PA","MAL2",9
"PA","SYT13",9
"PA","TENM2",9
"PA","CFAP126",8
"PA","CLGN",8
"PA","DDX3Y",8
"PA","DYNLRB2",8
"PA","EXPH5",8
"PA","FAM81B",8
"PA","KDM5D",8
"PA","MIR548F5",8
"PA","MSX1",8
"PA","NRN1",8
"PA","RPS4Y1",8
"PA","SHISA6",8
"PA","ADAMTS3",7
"PA","BTBD11",7
"PA","GABRG1",7
"PA","IGFBPL1",7
"PA","INA",7
"PA","LGI1",7
"PA","LOX",7
"PA","NEK2",7
"PA","PAX6",7
"PA","RBM24",7
"PA","ROBO2",7
"PA","ROR1",7
"PA","RSPH1",7
"PA","SHANK2",7
"PA","SYT1",7
"PA","TOX3",7
"PA","UBE2T",7
"PA","XIST",7
"PA","ZIC2",7
"PA","ASPM",6
"PA","ASS1",6
"PA","CCDC88C",6
"PA","CENPF",6
"PA","DTL",6
"PA","EIF1AY",6
"PA","GRIN2A",6
"PA","IL13RA2",6
"PA","KIF4A",6
"PA","KLHL29",6
"PA","L1CAM",6
"PA","LHX2",6
"PA","LOC283454",6
"PA","MFAP2",6
"PA","MICAL2",6
"PA","MYO5C",6
"PA","SRRM4",6
"PA","STON2",6
"PA","TENM3",6
"PA","TOP2A",6
"PA","USP9Y",6
"PA","CENPU",5
"PA","CKS2",5
"PA","CRLF1",5
"PA","DDIT4L",5
"PA","EPHA4",5
"PA","ETNPPL",5
"PA","EXOSC7",5
"PA","FAM110C",5
"PA","FGFR2",5
"PA","FZD7",5
"PA","GDA",5
"PA","GSE1",5
"PA","KCNJ3",5
"PA","KCNK3",5
"PA","LAMP5",5
"PA","LIX1",5
"PA","LMO3",5
"PA","LY6H",5
"PA","MYT1L",5
"PA","PAX3",5
"PA","PPL",5
"PA","RCAN3",5
"PA","STMN2",5
"PA","TMEM98",5
"PA","TSTD1",5
"PA","VSNL1",5
"PA","ANGPT1",4
"PA","BAIAP3",4
"PA","BIRC5",4
"PA","CARMIL1",4
"PA","CDCA7",4
"PA","CORO2B",4
"PA","DSG2",4
"PA","EYA2",4
"PA","FAM189A2",4
"PA","GINS2",4
"PA","GMPR",4
"PA","IGF2BP3",4
"PA","IRX5",4
"PA","KCNN2",4
"PA","KIAA0101",4
"PA","LRP2BP",4
"PA","LTBP1",4
"PA","LTF",4
"PA","NDC80",4
"PA","PBK",4
"PA","PCDH8",4
"PA","PIRT",4
"PA","PLCB4",4
"PA","PPP1R1A",4
"PA","PRC1",4
"PA","RGS20",4
"PA","RRM2",4
"PA","RYR3",4
"PA","SEL1L2",4
"PA","SELENBP1",4
"PA","WDR90",4
"PA","ZNF536",4
"PA","ADGRV1",3
"PA","AUTS2",3
"PA","BOC",3
"PA","BUB1B",3
"PA","C11orf70",3
"PA","CCNB1",3
"PA","CCNB2",3
"PA","CDC20",3
"PA","CDK1",3
"PA","CDS1",3
"PA","CHN2",3
"PA","CNTN3",3
"PA","COL4A5",3
"PA","CUX2",3
"PA","CXCL14",3
"PA","CXCL8",3
"PA","DCLK1",3
"PA","DLGAP5",3
"PA","EFHC2",3
"PA","EIF5A",3
"PA","ELN",3
"PA","ELOVL2",3
"PA","FGF13",3
"PA","GJC1",3
"PA","GNG4",3
"PA","HES6",3
"PA","IQCG",3
"PA","KIF11",3
"PA","LRRC3B",3
"PA","LYPD6",3
"PA","MAATS1",3
"PA","MAB21L2",3
"PA","MCM2",3
"PA","MFAP4",3
"PA","NUSAP1",3
"PA","PCLO",3
"PA","PLXNA4",3
"PA","PRKG1",3
"PA","PROM1",3
"PA","PTGDS",3
"PA","SFRP1",3
"PA","SH3PXD2A",3
"PA","SHROOM3",3
"PA","SPOCK3",3
"PA","TIFA",3
"PA","TMEM200A",3
"PA","TPX2",3
"PA","WIF1",3
"PA","ZNF404",3
"PA","ADD2",2
"PA","ADGRL2",2
"PA","AHNAK2",2
"PA","ANKRD9",2
"PA","BBOX1",2
"PA","C11orf63",2
"PA","C16orf89",2
"PA","CCDC181",2
"PA","CDKL2",2
"PA","CENPW",2
"PA","CHRDL1",2
"PA","CNTN1",2
"PA","COL21A1",2
"PA","COL6A2",2
"PA","CPLX1",2
"PA","CRNDE",2
"PA","CTXN1",2
"PA","CXCL12",2
"PA","DHRSX",2
"PA","DIAPH3",2
"PA","DYNC2H1",2
"PA","ECM2",2
"PA","EFCAB1",2
"PA","EFEMP1",2
"PA","ELAVL4",2
"PA","ENPP2",2
"PA","EPHA7",2
"PA","EZH2",2
"PA","FAT4",2
"PA","FBLN1",2
"PA","FBXL20",2
"PA","GABRB1",2
"PA","GAS7",2
"PA","GFPT2",2
"PA","GINS1",2
"PA","HIF3A",2
"PA","HIST1H1C",2
"PA","HOXA3",2
"PA","HS3ST3B1",2
"PA","IGSF1",2
"PA","KIAA0485",2
"PA","KIF21B",2
"PA","LOC100130872",2
"PA","LOC100509445",2
"PA","MASP1",2
"PA","MELK",2
"PA","MEX3D",2
"PA","NCAPG",2
"PA","NFATC1",2
"PA","NMNAT2",2
"PA","PARM1",2
"PA","PCDHB5",2
"PA","PCP4",2
"PA","PDE9A",2
"PA","PTPN3",2
"PA","PYGM",2
"PA","RASGEF1A",2
"PA","RMI2",2
"PA","S100A8",2
"PA","SFRP2",2
"PA","SMKR1",2
"PA","SOX11",2
"PA","SOX9-AS1",2
"PA","SPX",2
"PA","TCF7L1",2
"PA","TCTEX1D1",2
"PA","TENM1",2
"PA","TRIP13",2
"PA","TSPAN18",2
"PA","TTK",2
"PA","UBE2C",2
"PA","UG0898H09",2
"PA","VCAM1",2
"PA","WDR4",2
"PA","WIPF3",2
"PA","ZFPM2",2
"PA","ZIC1",2
"PA","ZWINT",2
"PA","ACTR3B",1
"PA","ACYP1",1
"PA","ADAMTS1",1
"PA","ADCY1",1
"PA","ADCYAP1R1",1
"PA","ADIRF",1
"PA","ADM",1
"PA","ADORA2B",1
"PA","AFF3",1
"PA","AKR1C3",1
"PA","ALDH1A1",1
"PA","AMFR",1
"PA","AMIGO2",1
"PA","ANKRD36B",1
"PA","ANKS1B",1
"PA","ANLN",1
"PA","AQP1",1
"PA","ARFRP1",1
"PA","ARHGEF7",1
"PA","BAG2",1
"PA","BCL11A",1
"PA","BEX5",1
"PA","BHLHE22",1
"PA","C10orf35",1
"PA","C1orf194",1
"PA","C21orf62",1
"PA","C21orf91",1
"PA","C2orf88",1
"PA","C8orf34",1
"PA","CA12",1
"PA","CA2",1
"PA","CADM3",1
"PA","CADPS2",1
"PA","CAMK4",1
"PA","CAMTA1",1
"PA","CBFA2T2",1
"PA","CCDC136",1
"PA","CCDC146",1
"PA","CCNA2",1
"PA","CCT6P1",1
"PA","CDCA3",1
"PA","CDK5RAP2",1
"PA","CDKAL1",1
"PA","CDKN3",1
"PA","CDT1",1
"PA","CELSR1",1
"PA","CEMIP",1
"PA","CENPK",1
"PA","CEP170P1",1
"PA","CHCHD6",1
"PA","CHI3L1",1
"PA","CHRM3",1
"PA","CLDN10",1
"PA","CNTN4",1
"PA","COL6A3",1
"PA","COL9A2",1
"PA","CP",1
"PA","CPXM1",1
"PA","CRB1",1
"PA","CRIP1",1
"PA","CSMD1",1
"PA","CYB561",1
"PA","DAPK1",1
"PA","DDX10",1
"PA","DEPDC1B",1
"PA","DNAH7",1
"PA","DNAJA4",1
"PA","DNM3",1
"PA","DNTTIP1",1
"PA","DOK6",1
"PA","DPP10",1
"PA","DPY19L2",1
"PA","DPY19L2P2",1
"PA","DRAXIN",1
"PA","EBF1",1
"PA","ECHDC2",1
"PA","ECHDC3",1
"PA","ECT2",1
"PA","EDN1",1
"PA","EFHD1",1
"PA","EFNA2",1
"PA","EFS",1
"PA","EGR1",1
"PA","EML6",1
"PA","ENPEP",1
"PA","EPHX1",1
"PA","ERI1",1
"PA","ERICH3",1
"PA","EXOSC5",1
"PA","EYA4",1
"PA","EZR",1
"PA","FAM161A",1
"PA","FAM167A",1
"PA","FAM198A",1
"PA","FAM60A",1
"PA","FAM69C",1
"PA","FAM83D",1
"PA","FBN2",1
"PA","FECH",1
"PA","FEN1",1
"PA","FGF7P3",1
"PA","FGFR3",1
"PA","FHOD3",1
"PA","FOXD1",1
"PA","FREM2",1
"PA","FSD1L",1
"PA","FUT9",1
"PA","GABPB2",1
"PA","GGH",1
"PA","GGTA1P",1
"PA","GLI3",1
"PA","GMNN",1
"PA","GPRC5C",1
"PA","GSTT1",1
"PA","GULP1",1
"PA","GXYLT2",1
"PA","H2BFS",1
"PA","HAPLN1",1
"PA","HBB",1
"PA","HECTD4",1
"PA","HECW2",1
"PA","HEPH",1
"PA","HIST3H2A",1
"PA","HMBOX1",1
"PA","HMG20B",1
"PA","HMMR",1
"PA","HNRNPA1",1
"PA","HPCAL4",1
"PA","HSPA4L",1
"PA","IFI44L",1
"PA","IGFBP2",1
"PA","IGSF11",1
"PA","IGSF3",1
"PA","ILF3-AS1",1
"PA","INS-IGF2",1
"PA","INTS6",1
"PA","INTU",1
"PA","IQGAP2",1
"PA","IRX3",1
"PA","JPH3",1
"PA","JUP",1
"PA","KCNN3",1
"PA","KHNYN",1
"PA","KIAA0319",1
"PA","KIAA0895",1
"PA","KIAA1161",1
"PA","KIAA1549L",1
"PA","KIF15",1
"PA","KIF20A",1
"PA","KIF2C",1
"PA","KLF4",1
"PA","LDLRAD4",1
"PA","LFNG",1
"PA","LINC01088",1
"PA","LINC01105",1
"PA","LNX1",1
"PA","LOC100129550",1
"PA","LOC100233156",1
"PA","LOC100996735",1
"PA","LOC100996740",1
"PA","LOC101929787",1
"PA","LOC101930415",1
"PA","LOC101930583",1
"PA","LOC727820",1
"PA","LOC728613",1
"PA","LOC81691",1
"PA","LRBA",1
"PA","LRRC34",1
"PA","LRRC55",1
"PA","MAD2L1",1
"PA","MAGEE1",1
"PA","MALAT1",1
"PA","MAML3",1
"PA","MECOM",1
"PA","MEGF10",1
"PA","MEIS2",1
"PA","MGST1",1
"PA","MID1",1
"PA","MIR6883",1
"PA","MPPED2",1
"PA","MTHFD2L",1
"PA","NBPF20",1
"PA","NBR2",1
"PA","NCS1",1
"PA","NEFM",1
"PA","NMU",1
"PA","NNAT",1
"PA","NPTX1",1
"PA","NPTX2",1
"PA","NRIP3",1
"PA","NSG1",1
"PA","NSUN6",1
"PA","NT5DC2",1
"PA","ODF3B",1
"PA","ORC6",1
"PA","OSCP1",1
"PA","P2RY12",1
"PA","PAIP2B",1
"PA","PAMR1",1
"PA","PASK",1
"PA","PCDH12",1
"PA","PCNT",1
"PA","PCYT1B",1
"PA","PDAP1",1
"PA","PDE1C",1
"PA","PDLIM3",1
"PA","PFKFB2",1
"PA","PIPOX",1
"PA","PIR",1
"PA","PLD6",1
"PA","PLXNA2",1
"PA","PNMA3",1
"PA","POMZP3",1
"PA","PPP2R3B",1
"PA","PRIMA1",1
"PA","PRR5",1
"PA","PSD2",1
"PA","PSMC3",1
"PA","PSMC3IP",1
"PA","PSPH",1
"PA","PURG",1
"PA","PUS7",1
"PA","QPRT",1
"PA","RAB11FIP4",1
"PA","RAB36",1
"PA","RAB6B",1
"PA","RALGPS2",1
"PA","RALYL",1
"PA","RASA4B",1
"PA","RASGRP1",1
"PA","RFPL1S",1
"PA","RFX4",1
"PA","RGN",1
"PA","RGPD6",1
"PA","RGS1",1
"PA","RGS7",1
"PA","RIMS3",1
"PA","RLF",1
"PA","RNF165",1
"PA","RTN1",1
"PA","RUNDC3A",1
"PA","S1PR1",1
"PA","SALL3",1
"PA","SDK2",1
"PA","SEPT6",1
"PA","SEZ6L2",1
"PA","SKIDA1",1
"PA","SLC10A4",1
"PA","SLC19A2",1
"PA","SLC25A18",1
"PA","SLC6A13",1
"PA","SLIT2",1
"PA","SNORA5B",1
"PA","SNTA1",1
"PA","SOX1",1
"PA","SPA17",1
"PA","SPAG1",1
"PA","SPATA17",1
"PA","SPON1",1
"PA","SRGAP3",1
"PA","ST18",1
"PA","ST6GAL2",1
"PA","ST8SIA3",1
"PA","SYN2",1
"PA","SYNGR3",1
"PA","SYNPO2",1
"PA","TAOK1",1
"PA","TDRD9",1
"PA","TEKT4P2",1
"PA","THAP2",1
"PA","THBS1",1
"PA","THNSL2",1
"PA","TIGD7",1
"PA","TMEM106C",1
"PA","TMEM163",1
"PA","TMEM178A",1
"PA","TMEM38A",1
"PA","TMEM47",1
"PA","TMEM64",1
"PA","TMTC1",1
"PA","TNFRSF19",1
"PA","TPPP3",1
"PA","TRAF5",1
"PA","TSPAN5",1
"PA","TTC25",1
"PA","UBXN11",1
"PA","UCKL1",1
"PA","ULK1",1
"PA","UPK3BL",1
"PA","VPS37B",1
"PA","WARS2",1
"PA","WDR54",1
"PA","WHSC1L1",1
"PA","WWC1",1
"PA","ZBED5-AS1",1
"PA","ZBTB16",1
"PA","ZFHX4",1
"PA","ZMYND12",1
"PA","ZNF204P",1
"PA","ZNF398",1
"PA","ZNF618",1
"PA","ZNF658",1
