"category","subcategory","ID","Description","GeneRatio","BgRatio","RichFactor","FoldEnrichment","zScore","pvalue","p.adjust","qvalue","geneID","Count"
"Organismal Systems","Nervous system","hsa04727","GABAergic synapse","46/1921","89/9400",0.51685393258427,2.52911346501413,7.34546499163601,5.13406501578285e-11,1.78665462549243e-08,1.11328146658028e-08,"27165/140679/2557/2572/57468/2554/2561/2773/5582/10681/3763/2555/2566/2563/5567/111/774/5579/2787/2560/2550/107/2785/23710/6529/2571/776/5334/55970/2788/2744/2562/9568/51764/10243/2565/2558/115/2559/92745/6538/2770/114/108/5578/18",46
"Environmental Information Processing","Signaling molecules and interaction","hsa04517","IgSF CAM signaling","108/1921","299/9400",0.361204013377926,1.76747408940786,6.83498396175641,1.29075003755614e-10,2.24590506534768e-08,1.39944477756087e-08,"8541/57524/5058/57731/4008/91768/5601/5582/5291/22999/6334/5962/84623/56924/3688/3786/84552/5818/4099/7277/11141/25/50855/2036/8497/10382/3736/5588/8506/5579/81873/5604/117178/5062/6712/9693/7280/5600/3737/139065/8499/208/288/1445/6586/145581/8826/8829/5063/3384/5829/9423/10458/287/90249/26047/3676/57144/3785/5817/4478/8633/114798/6900/23607/55558/9901/137970/26050/4629/9223/57689/3897/5819/5362/4133/998/5789/4301/6709/22865/5602/6092/23136/84617/253559/8832/56253/3383/91584/3791/22829/150084/5599/962/3556/3678/23114/6300/10095/57180/342035/3689/4897/5578/3937/57522/999",108
"Organismal Systems","Nervous system","hsa04724","Glutamatergic synapse","54/1921","116/9400",0.46551724137931,2.27790841695238,7.01849346664494,1.95336220551118e-10,2.26590015839297e-08,1.41190390994844e-08,"27165/23154/50944/1742/2773/5582/9762/2902/5530/85358/2913/10681/5532/3708/57030/5567/111/5579/2787/157/9456/57084/2915/2912/23236/3760/22941/107/2785/6511/5534/6506/9229/2905/776/55970/2788/8605/5332/2903/2744/2911/51764/115/6505/2893/2898/2891/2770/2892/2890/114/108/5578",54
"Environmental Information Processing","Signal transduction","hsa04010","MAPK signaling pathway","107/1921","300/9400",0.356666666666667,1.74527155995141,6.64870739548854,3.68702428488112e-10,3.20771112784657e-08,1.99875527022503e-08,"10368/5058/6416/23542/5601/5582/4294/7046/5530/4293/7157/5924/627/23162/785/5532/5801/51135/1849/5567/1845/774/59283/55799/84867/5579/5598/784/5604/783/369/8986/5062/10369/10125/9693/8911/4615/5600/51701/2316/7786/208/777/3551/5494/5534/3815/4137/4775/776/22808/782/55970/7048/408/4208/8605/2321/5970/4609/1844/10746/3164/8913/355/998/5871/2254/7040/7867/5602/284/6196/3925/4214/1944/27330/5880/3791/56034/3479/2246/5979/285/5599/2064/2122/3556/781/7422/4772/3310/9254/4217/7132/3553/2263/6300/1326/2261/2066/5578/7424/2065/4616/27092",107
"Human Diseases","Substance dependence","hsa05032","Morphine addiction","45/1921","91/9400",0.494505494505495,2.4197561938322,6.89708683196431,5.51806135696211e-10,3.84057070444563e-08,2.39309608322988e-08,"140679/2557/3765/2554/2561/2773/5582/10681/3763/2555/2566/2563/5136/5567/111/774/5579/5138/5153/2787/157/2560/2550/3760/107/2785/5141/55970/408/2788/2562/9568/51764/2565/2558/115/2559/5137/2770/27115/134/10846/114/108/5578",45
"Environmental Information Processing","Signaling molecules and interaction","hsa04082","Neuroactive ligand signaling","78/1921","199/9400",0.391959798994975,1.91797090606599,6.63316316666839,6.9626674648261e-10,4.03834712959914e-08,2.51633245220031e-08,"140679/2557/2554/3361/3356/2561/2773/5582/2902/2913/5179/1128/10681/4986/2555/2566/2563/11255/3354/57030/5567/111/5579/2787/2560/153/2550/6863/5368/57084/3358/2915/150/1136/2912/23236/107/2785/6511/6506/6529/5173/2905/55970/3363/2788/6866/5332/2903/2911/2562/9568/51764/2565/2743/2558/115/6505/5026/2893/2559/2774/1131/2898/2891/6538/2770/2892/5025/134/2890/6869/79627/114/108/6536/5578/5028",78
"Cellular Processes","Cell motility","hsa04820","Cytoskeleton in muscle cells","85/1921","233/9400",0.36480686695279,1.78510387785332,6.14998714407389,7.29873886833065e-09,3.62851589454152e-07,2.26096271710694e-07,"57731/83660/1466/7431/22795/3688/79188/271/3930/57644/4604/2201/3339/1281/11155/4811/6712/8557/1291/1277/91010/288/1278/633/1282/1829/1462/1292/2026/287/1284/1289/29767/23224/3676/2318/4001/476/2335/4000/481/2006/752/29766/4629/64423/2200/7138/825/255631/3908/88/7094/9124/7059/81624/1288/3696/284217/84823/6709/23345/6640/9260/1293/6385/3672/3673/23500/1290/3678/1824/72/7171/161176/482/70/6382/1465/56776/7791/10529/477/84467/27295",85
"Organismal Systems","Endocrine system","hsa04921","Oxytocin signaling pathway","62/1921","154/9400",0.402597402597403,1.97002372952399,6.1510394861511,1.18617228865693e-08,5.15984945565764e-07,3.21515120346484e-07,"815/6262/10368/7226/3765/2773/5582/10645/5530/816/814/785/808/5532/3763/54776/818/3708/5567/111/6093/59283/55799/5579/5598/784/5604/783/10369/57172/8536/23236/3760/107/57118/5534/9475/4775/776/4878/782/4208/8605/5332/6261/3761/5563/91860/115/5997/595/4660/2770/781/4772/9254/114/108/3759/5743/5578/27092",62
"Cellular Processes","Cell growth and death","hsa04110","Cell cycle","62/1921","158/9400",0.392405063291139,1.92014971105503,5.91135166344205,3.72683421872323e-08,1.44104256457298e-06,8.9792730883858e-07,"7465/1017/8243/983/1875/7533/4174/7157/4171/5526/1019/7532/10403/25/4172/5591/701/472/5925/5933/1032/10459/9133/4089/9126/1031/1111/7272/5111/57082/9700/2810/3065/4999/26271/4085/10274/4176/25906/699/4173/890/891/4609/1663/991/81620/9212/6502/9232/7040/5525/11200/1021/595/1030/993/113130/1029/995/10926/4616",62
"Organismal Systems","Nervous system","hsa04728","Dopaminergic synapse","54/1921","133/9400",0.406015037593985,1.98674719072538,5.80824434452309,7.38412861307358e-08,2.56805237849432e-06,1.60017782809991e-06,"815/3765/50632/2773/5601/5582/5530/816/10681/808/5532/3763/5526/818/3708/5567/3800/111/774/5579/2787/28227/5600/208/23236/3760/2785/148327/5522/776/55970/408/2788/3798/5332/2903/6323/51764/64764/91860/5525/5602/2893/2774/2891/5599/2770/2892/5521/2890/6300/84152/5578/4128",54
"Organismal Systems","Environmental adaptation","hsa04713","Circadian entrainment","43/1921","97/9400",0.443298969072165,2.16918808395541,5.86599215418123,8.11740694351653e-08,2.56805237849432e-06,1.60017782809991e-06,"815/6262/3765/2773/5582/2902/816/10681/808/3763/9722/818/3708/5567/111/5579/2787/8911/23236/3760/107/2785/2905/116/776/55970/2788/5332/2903/6261/4842/51764/8913/91860/115/2893/2891/2770/2892/2890/114/108/5578",43
"Organismal Systems","Endocrine system","hsa04925","Aldosterone synthesis and secretion","43/1921","98/9400",0.438775510204082,2.14705351167015,5.78483917661675,1.1637642932403e-07,3.37491645039688e-06,2.10294249480265e-06,"815/6770/492/5581/5582/23683/816/814/808/491/466/818/3708/5567/111/51305/5579/5138/57172/8911/8536/23236/107/57118/4929/148327/776/4878/3777/5332/476/481/3164/64764/8913/91860/115/5587/482/477/114/108/5578",43
"Organismal Systems","Development and regeneration","hsa04360","Axon guidance","68/1921","184/9400",0.369565217391304,1.80838784147749,5.61229113790018,1.31642030669827e-07,3.52395589793075e-06,2.19581039012019e-06,"815/84448/5058/2773/5291/6259/5530/5590/816/64218/55740/5532/56924/3688/27289/84552/2051/56920/818/25/50855/6093/1020/6608/5062/7474/7852/2044/6586/8829/5063/23654/5534/9475/9423/90249/4775/57144/10505/8633/8482/22854/55558/9901/2043/137970/2050/57689/84628/3897/3985/5362/54437/998/22885/6092/1944/7222/5880/91584/64101/2045/2770/3984/25791/5578/10371/57522",68
"Organismal Systems","Endocrine system","hsa04911","Insulin secretion","39/1921","86/9400",0.453488372093023,2.21904773434379,5.75551991649436,1.5457131468006e-07,3.84220125061863e-06,2.39411209203702e-06,"815/6262/5582/5864/3780/885/6804/816/27445/818/5567/111/5579/11069/9699/6616/23236/107/148327/6833/116/776/27345/5332/476/6844/481/64764/3781/115/2645/1131/482/477/114/3779/108/10242/5578",39
"Environmental Information Processing","Signal transduction","hsa04020","Calcium signaling pathway","86/1921","254/9400",0.338582677165354,1.6567814499502,5.37780286945877,2.92712661837336e-07,6.79093375462619e-06,4.23149532199938e-06,"815/6262/887/2149/3706/3361/492/3356/5582/2902/5530/6543/816/814/1128/808/5532/491/818/3708/5136/5567/2185/774/5579/5153/844/153/291/57172/8911/3358/2915/7852/8536/90550/777/23236/107/57118/5534/2905/51196/4775/776/3363/5332/2903/6261/2911/2321/6547/4842/6588/8913/1909/91860/2254/115/5026/53373/8877/80271/2774/1131/3791/56034/5137/2246/5979/2064/5260/9630/7422/4772/5025/6869/2263/4485/114/2261/2066/108/5578/7424/2065",86
"Organismal Systems","Nervous system","hsa04723","Retrograde endocannabinoid signaling","57/1921","149/9400",0.38255033557047,1.87192772220844,5.43703364229045,3.60997921487903e-07,7.85170479236188e-06,4.89247183069131e-06,"140679/2557/3765/2554/2561/2773/5601/5582/22999/10681/3763/2555/2566/2166/2563/3708/57030/5567/111/774/5579/2787/2560/57084/5600/2915/23236/3760/107/2785/776/55970/2788/5332/2911/2562/11343/51764/2565/2558/115/5602/2893/2559/57406/2891/5599/2770/2892/2890/6300/114/108/1268/5743/100532726/5578",57
"Human Diseases","Endocrine and metabolic disease","hsa04933","AGE-RAGE signaling pathway in diabetic complications","42/1921","101/9400",0.415841584158416,2.03483128114998,5.29901137599573,9.61482392205747e-07,1.96821101463294e-05,1.22641097705501e-05,"5581/5601/5291/7046/5590/1019/5579/1281/1277/5600/4089/208/23236/50507/1278/1282/1906/1284/51196/6776/7048/5332/6347/2335/5970/3576/7412/5054/998/1288/7040/5602/3383/595/5599/7422/4772/3553/6300/4313/5578/7424",42
"Cellular Processes","Cell growth and death","hsa04218","Cellular senescence","58/1921","157/9400",0.369426751592357,1.80771028889545,5.17227616696908,1.10671224517467e-06,2.13964367400436e-05,1.33323229535662e-05,"1017/983/1875/5291/7046/5530/7157/808/5532/1019/3708/5928/1978/5604/472/5925/5933/9133/291/824/5600/208/8945/90550/1111/5534/4775/776/22808/7048/7248/2113/2305/890/891/5970/4609/678/3135/3105/3576/5054/91860/3106/7040/11200/1021/595/3134/4772/83593/1030/10758/993/6300/1029/4605/4616",58
"Organismal Systems","Nervous system","hsa04721","Synaptic vesicle cycle","35/1921","79/9400",0.443037974683544,2.16791096409439,5.28292892430912,1.31155879725141e-06,2.40222348128153e-05,1.49684826722321e-05,"140679/112755/10814/23025/440279/22999/5864/6804/6812/529/10815/1759/51606/6857/57030/51382/523/774/1212/534/57084/26052/535/6616/6511/526/6506/6529/6844/1785/6505/6538/6809/594855/6536",35
"Organismal Systems","Endocrine system","hsa04926","Relaxin signaling pathway","50/1921","130/9400",0.384615384615385,1.88203259520282,5.1321481457712,1.54773945954924e-06,2.69306665961568e-05,1.6780754140376e-05,"6416/59350/2773/5601/5291/7046/5590/10681/5567/111/2787/1281/5604/1277/5600/208/23236/107/2785/148327/1278/1282/1906/1284/55970/7048/408/2788/5332/5970/4842/51764/64764/1288/115/7040/5602/25759/53358/59/5599/2770/4318/7422/6300/4313/114/108/5578/7424",50
"Human Diseases","Substance dependence","hsa05033","Nicotine addiction","22/1921","41/9400",0.536585365853659,2.62566498647808,5.28677706586739,2.54924148358455e-06,4.22445731565439e-05,2.63229947678404e-05,"140679/2557/2554/2561/2902/2555/2566/2563/57030/774/2560/57084/2905/2903/2562/2565/2558/2893/2559/2891/2892/2890",22
"Human Diseases","Infectious disease: viral","hsa05166","Human T-cell leukemia virus 1 infection","75/1921","224/9400",0.334821428571429,1.63837658957388,4.90068738355268,2.69245894410036e-06,4.25898051157693e-05,2.65381120806064e-05,"1017/83660/6416/5601/5291/7046/5530/7157/5532/1019/5567/111/701/5604/6929/472/5925/9133/291/4089/1031/208/1111/1739/3551/107/8829/148327/5534/706/4775/9700/6776/7048/2113/4085/9519/25906/890/5970/4609/3122/2114/3108/3135/64764/3105/991/9232/7094/811/3106/115/7040/11200/5602/4214/3383/595/3134/5599/3117/3113/4772/1030/3718/3123/7132/3111/1029/114/108/3689/7850/3115",75
"Genetic Information Processing","Replication and repair","hsa03030","DNA replication","20/1921","36/9400",0.555555555555556,2.71849152640407,5.23540982327898,3.57709195392069e-06,5.41229565201914e-05,3.37245282612203e-05,"4174/4171/5981/6742/10535/5422/4172/10714/5427/5424/5111/5982/4176/4173/5985/5558/5983/3978/5984/5557",20
"Organismal Systems","Nervous system","hsa04720","Long-term potentiation","30/1921","67/9400",0.447761194029851,2.19102302128089,4.95826420872331,5.69353654941642e-06,8.25562799665381e-05,5.1441602157008e-05,"815/5582/2902/5530/816/814/808/5532/818/3708/5567/5579/5604/369/2915/23236/107/5534/2905/5332/2903/2911/91860/5502/6196/27330/2891/2890/114/5578",30
"Environmental Information Processing","Signal transduction","hsa04024","cAMP signaling pathway","74/1921","226/9400",0.327433628318584,1.60222597927886,4.64426592338464,7.79658411900377e-06,0.000108528450936532,6.76251085690432e-05,"815/6262/2149/6750/5058/492/7432/2773/5601/5291/2902/816/814/1128/627/808/610/1392/491/818/3354/5567/111/6093/5604/11069/153/2550/4852/208/107/10257/148327/9475/1906/2905/5141/51196/116/776/4878/7074/2903/476/481/5970/9568/4886/64764/5348/1909/91860/115/4301/64399/5602/2893/5880/2891/5599/6752/2770/2892/4772/134/2890/64411/10846/482/6751/84152/477/114/108",74
"Human Diseases","Cancer: overview","hsa05205","Proteoglycans in cancer","68/1921","204/9400",0.333333333333333,1.63109491584244,4.61841573891009,9.23954633032622e-06,0.000123667773959751,7.70585645363239e-05,"815/5058/5582/5291/7157/5962/816/3688/54776/8323/818/3708/5567/967/6093/3339/6608/5579/5604/369/7474/1277/5600/2316/208/288/8826/7480/5829/1278/286/9475/287/51196/22808/4478/7074/2535/2335/4609/355/2549/998/960/7040/857/6385/595/3791/3673/4660/3479/4060/5328/2064/5329/4318/7422/3678/8321/6382/6300/406991/4313/2066/858/5578/2065",68
"Environmental Information Processing","Signal transduction","hsa04015","Rap1 signaling pathway","70/1921","212/9400",0.330188679245283,1.61570722795714,4.59530593151027,9.89766734841959e-06,0.000127569934712964,7.94900379639156e-05,"2149/83660/2773/5582/23683/5291/2902/5590/55740/808/3688/84552/9771/50855/111/5579/5604/10636/11069/9693/5600/5216/208/23236/107/3815/5909/51196/22808/7074/5332/2903/51466/2321/9732/9223/2846/998/26037/7094/91860/2254/115/4301/284/1944/5880/3791/56034/3479/2246/285/2770/5587/7422/83593/64411/2263/6300/9170/114/2261/108/3689/1268/5578/3937/5028/7424/999",70
"Organismal Systems","Digestive system","hsa04971","Gastric acid secretion","32/1921","76/9400",0.421052631578947,2.06033042001151,4.7035918098125,1.35960325069146e-05,0.000168979261157367,0.000105292582572346,"815/887/6750/2773/5582/816/808/818/3708/5567/111/5579/23236/107/6522/5332/476/481/91860/115/54207/1131/6752/2770/482/3773/115111/477/114/108/3759/5578",32
"Organismal Systems","Circulatory system","hsa04261","Adrenergic signaling in cardiomyocytes","54/1921","154/9400",0.350649350649351,1.71582711926283,4.53914759178535,1.51825966540709e-05,0.000182191159848851,0.000113525042132073,"815/6262/10368/6324/492/2773/6543/816/785/808/491/5526/818/5567/111/59283/55799/784/783/11069/153/10369/28227/5600/208/23236/107/148327/6330/5522/776/782/5332/476/481/6547/64764/91860/5502/115/5525/2770/781/5521/9254/7171/482/70/6300/477/114/108/5578/27092",54
"Human Diseases","Infectious disease: viral","hsa05163","Human cytomegalovirus infection","73/1921","227/9400",0.3215859030837,1.57361139457927,4.43361259627667,1.80812749581297e-05,0.000209742789514305,0.000130692724258762,"2773/5582/5291/5530/7157/3588/10681/808/5532/1019/10672/3708/5567/111/2185/1978/6093/2923/5579/2787/5604/5925/841/5600/7852/208/23236/3551/107/2785/148327/5829/5534/9475/414062/4775/55970/7248/2788/5332/6347/5970/4609/3135/51764/64764/3105/6351/355/6376/1234/3576/811/91860/3106/115/1021/595/5880/3134/2770/7422/4772/7132/3553/6300/11214/1029/114/108/5743/5578/1230",73
"Environmental Information Processing","Signal transduction","hsa04070","Phosphatidylinositol signaling system","38/1921","98/9400",0.387755102040816,1.89739612659223,4.525762937159,2.18479022986094e-05,0.000245260322577938,0.000152824036452073,"8525/3706/5582/5291/5297/8526/8395/808/3631/8867/8760/3708/9677/1609/5579/23396/9108/9807/55361/23236/3705/22876/1040/160851/51196/5332/8396/1607/5305/3632/79837/91860/8821/5287/80271/8871/117283/5578",38
"Environmental Information Processing","Signaling molecules and interaction","hsa04512","ECM-receptor interaction","35/1921","89/9400",0.393258426966292,1.92432546251075,4.44022008902246,3.21526102753619e-05,0.000349659636744561,0.000217876240681729,"3688/9899/3339/9900/1291/1277/3161/80144/1278/1282/3915/1292/1284/3676/22987/2335/3910/3371/341640/3908/960/7059/1288/3696/3913/284217/1293/6385/3672/3673/158326/3678/3381/6382/948",35
"Human Diseases","Substance dependence","hsa05031","Amphetamine addiction","29/1921","69/9400",0.420289855072464,2.05659793736656,4.46429566633742,3.55117012507124e-05,0.000373355545414396,0.000232641386434863,"815/5582/2902/5530/6804/816/814/808/5532/818/5567/111/5579/148327/5534/5173/2905/776/3065/2903/64764/91860/2893/2891/2892/2890/84152/5578/4128",29
"Human Diseases","Cardiovascular disease","hsa05412","Arrhythmogenic right ventricular cardiomyopathy","34/1921","86/9400",0.395348837209302,1.93455443506894,4.41233473682051,3.64772659312915e-05,0.000373355545414396,0.000232641386434863,"6262/10368/6543/785/3688/59283/55799/784/783/10369/1829/3676/776/782/1495/4000/6547/4842/3908/88/3696/284217/6640/1496/3672/3673/83439/781/3678/9254/1824/2697/51176/27092",34
"Organismal Systems","Nervous system","hsa04725","Cholinergic synapse","42/1921","115/9400",0.365217391304348,1.78711269040129,4.30405310543978,4.45270110030972e-05,0.000442725709402224,0.000275866594485354,"815/2773/5582/5291/816/814/1128/10681/3786/3763/818/3708/5567/111/774/5579/2787/5604/1136/208/23236/3760/107/2785/148327/776/3785/55970/2788/5332/3761/51764/64764/56479/115/9132/1131/2770/114/108/3759/5578",42
"Environmental Information Processing","Signaling molecules and interaction","hsa04514","Cell adhesion molecule (CAM) interaction","54/1921","160/9400",0.3375,1.65148360229047,4.21221213947541,5.11823414879174e-05,0.000494762634383202,0.000308291296681608,"3688/5818/4099/9369/80381/8506/139065/3384/1462/26047/3676/5817/257194/114798/6900/22854/26050/3122/3108/57689/3135/84628/9379/3105/3897/9378/7412/5819/5789/965/100506658/3106/3696/22865/6385/4267/3383/3134/64101/22829/9071/3117/3113/23114/3123/6382/3111/5010/3689/4897/999/214/3115/9076",54
"Cellular Processes","Cellular community - eukaryotes","hsa04510","Focal adhesion","65/1921","203/9400",0.320197044334975,1.56681531324767,4.13760703005096,5.93335270503117e-05,0.000558055876040769,0.000347729916710219,"5058/83660/5601/5582/5291/8395/56924/3688/54776/6093/5579/5604/23396/5062/824/1291/1277/2316/208/5063/5829/1278/9475/1282/3915/1292/1284/3676/57144/2013/2335/2321/3910/3371/3908/998/7094/7059/1288/3696/3913/284217/5602/857/25759/1293/3672/2012/595/5880/53358/3791/3673/56034/4660/3479/5599/2064/7422/3678/3381/7791/858/5578/7424",65
"Metabolism","Carbohydrate metabolism","hsa00562","Inositol phosphate metabolism","31/1921","78/9400",0.397435897435897,1.94476701504291,4.2461977403244,7.06125308906603e-05,0.000646662124998679,0.000402941312007646,"27124/3706/5291/5297/8395/3631/8867/9677/23396/9108/9896/9807/55361/23236/3705/22876/51196/5332/51477/8396/5305/3632/79837/8821/9651/5287/80271/8871/117283/4329/23007",31
"Environmental Information Processing","Signal transduction","hsa04310","Wnt signaling pathway","58/1921","178/9400",0.325842696629214,1.59444109750891,4.05778479233345,8.48494323541597e-05,0.000757118011775579,0.000471767424155382,"815/5601/5582/57216/6259/5530/7157/816/5532/8323/8607/818/5567/5579/1857/27101/81839/7474/51701/4089/8945/23236/7480/4040/5534/9475/6424/4775/27130/5332/4041/2535/324/144165/166336/64840/4609/440193/1951/5602/147495/4920/595/5880/23500/9620/83439/11197/5599/4919/1501/4772/2239/8321/2487/6423/5578/51176",58
"Environmental Information Processing","Signal transduction","hsa04668","TNF signaling pathway","42/1921","119/9400",0.352941176470588,1.72704167559788,4.04499641693524,0.000110001745912623,0.000957015189439821,0.000596325254157905,"6416/5601/5291/7128/5604/1540/8986/10059/841/5600/208/3551/148327/1906/8837/6347/182/5970/64764/355/6376/7412/83737/3659/5602/3976/3383/5599/4318/2920/3627/4217/7132/3553/6300/1326/2921/5743/6372/6374/7424/9021",42
"Environmental Information Processing","Signaling molecules and interaction","hsa04518","Integrin signaling","51/1921","154/9400",0.331168831168831,1.62050339041489,3.93468813139819,0.000141051294440689,0.00119721586500878,0.000745996576502746,"83660/5291/3688/1291/1277/2316/208/80144/3384/5829/1278/1282/3915/1292/1284/3676/2335/2321/3910/3371/2200/7412/341640/3908/998/7094/7059/1288/3696/3913/284217/7040/1293/3672/3383/595/5880/55612/3791/3673/56034/3479/158326/2064/7422/3678/3381/9459/3689/7424/999",51
"Environmental Information Processing","Signal transduction","hsa04012","ErbB signaling pathway","32/1921","86/9400",0.372093023255814,1.82075711535901,3.87506066495097,0.000234500911396471,0.00194300755157076,0.00121070645984143,"815/5058/6416/5601/5582/5291/816/56924/818/25/1978/5579/5604/369/5062/208/5063/3084/57144/6776/10718/4609/2549/5602/25759/53358/5599/2064/685/2066/5578/2065",32
"Cellular Processes","Cell motility","hsa04810","Regulation of actin cytoskeleton","70/1921","232/9400",0.301724137931034,1.47642212209876,3.72375714888296,0.000243739735196865,0.00196098211883004,0.00122190658342102,"2149/5058/5291/5962/8395/1128/55740/56924/3688/54776/10672/10788/26999/6093/81873/5604/727/23396/369/5062/7852/5216/208/8826/5063/5829/9475/10458/3676/57144/22808/10163/55970/4478/8936/7074/221178/324/2335/8396/85477/4629/5305/3985/2846/79837/998/81624/2254/3696/128239/3672/3071/5880/1131/3673/56034/4660/2246/3678/28984/3984/2263/10095/2934/57180/9459/9170/2261/3689",70
"Cellular Processes","Cell growth and death","hsa04114","Oocyte meiosis","46/1921","138/9400",0.333333333333333,1.63109491584244,3.78498861026236,0.000247940267898051,0.00196098211883004,0.00122190658342102,"815/1017/8243/983/7533/5530/816/808/5532/5526/818/7532/3708/5567/111/5604/10459/9133/5600/9126/8945/107/64506/5534/9748/9700/9985/26271/4085/6790/25906/699/891/991/9232/91860/115/5525/6196/27330/3479/22849/6300/114/995/108",46
"Human Diseases","Cardiovascular disease","hsa05414","Dilated cardiomyopathy","37/1921","105/9400",0.352380952380952,1.72430033960487,3.78243420213688,0.000285844748495493,0.00221053272169848,0.00137740393427068,"6262/10368/6543/785/3688/5567/111/59283/55799/784/783/153/10369/107/3676/776/782/4000/6547/4842/3908/115/3696/284217/7040/6640/3672/3673/3479/781/3678/9254/7171/70/114/108/27092",37
"Human Diseases","Substance dependence","hsa05030","Cocaine addiction","21/1921","49/9400",0.428571428571429,2.09712203465457,3.90217452798962,0.000300860823467047,0.00227607753405505,0.001418245529387,"1742/2773/2902/2913/627/5567/111/1020/2912/148327/5173/2905/2903/8851/5970/64764/2891/2770/8787/84152/4128",21
"Human Diseases","Infectious disease: viral","hsa05170","Human immunodeficiency virus 1 infection","65/1921","214/9400",0.303738317757009,1.48627807751998,3.64679287668767,0.000326485700818444,0.00241738348691103,0.00150629461071891,"7465/5058/2773/983/5601/5582/5291/5530/10681/808/5532/56924/51135/3708/2185/2923/5579/2787/5604/472/5062/8906/9133/841/4615/5600/7852/208/8945/1111/3551/2785/5063/5829/5534/85363/4775/57144/55970/2788/9582/891/5970/3135/51764/3105/355/3985/1234/811/91860/3106/5602/5880/3134/5599/2770/3984/4772/200316/7132/6300/60489/995/5578",65
"Organismal Systems","Sensory system","hsa04750","Inflammatory mediator regulation of TRP channels","35/1921","99/9400",0.353535353535354,1.72994915316623,3.70022492958481,0.000384377501133814,0.00278673688322015,0.00173644222003434,"815/5581/3356/5601/5582/5291/816/808/40/818/3708/5567/111/5588/5579/5600/3358/23236/107/1573/2150/8605/5332/91860/115/5602/3479/5599/3556/79054/3553/6300/114/108/5578",35
"Metabolism","Glycan biosynthesis and metabolism","hsa00510","N-Glycan biosynthesis","23/1921","57/9400",0.403508771929825,1.97448331917769,3.73982605925593,0.000455780980873229,0.00323697512946701,0.00201698994758078,"1650/6185/746/200185/58505/1603/6184/207063/146664/3703/4248/79053/29880/54344/4247/22845/11320/84920/4122/25834/199857/6480/29929",23
"Environmental Information Processing","Signal transduction","hsa04390","Hippo signaling pathway","50/1921","157/9400",0.318471337579618,1.55837093870297,3.57559973951919,0.000466721158593515,0.00324837926381086,0.00202409597200556,"1740/1742/7533/7046/5590/8994/84552/8323/7532/50855/7003/55233/1857/84962/7474/4089/8945/1739/7480/332/4086/5522/1741/1495/7048/23513/6591/2535/324/4609/7005/657/2736/25937/5054/650/7040/1496/122786/595/26524/83439/2246/5521/8321/286204/3689/653/51176/999",50
"Environmental Information Processing","Signaling molecules and interaction","hsa04519","Cadherin signaling","110/1921","404/9400",0.272277227722772,1.33233000551487,3.46033586893551,0.000493080541641784,0.00332997965162856,0.00207494194868567,"2557/6327/6324/2554/1007/2561/7533/5601/57216/6259/1006/7431/55740/2555/8994/2566/8323/1010/2563/7532/26999/1016/56134/2185/7003/55800/6093/51107/83259/81873/5604/55233/2560/1857/81839/84962/7474/5600/3551/7480/4040/9475/6330/10184/1829/55851/23385/22808/1495/8936/4041/2535/1009/324/51466/144165/166336/51294/2562/5970/7005/56147/375323/4643/56133/57717/2565/25937/51474/5101/998/2558/2196/5100/1008/4301/1951/5602/57526/2559/54510/1496/3071/26524/5880/3791/23500/9620/83439/4647/1012/5599/2064/1501/5099/1824/64405/8321/8642/6300/10095/120114/57180/84152/57575/3872/2697/51176/56129/999",110
"Human Diseases","Infectious disease: bacterial","hsa05135","Yersinia infection","45/1921","138/9400",0.326086956521739,1.59563633071543,3.57232592280813,0.000497583166335302,0.00332997965162856,0.00207494194868567,"6416/5601/5291/8395/3688/51135/2185/6093/81873/5604/23396/5586/4615/5600/208/3551/5829/9844/9475/10458/644150/4775/3676/29108/10163/6347/2335/5970/3576/998/5602/6196/27330/5880/834/5599/3606/3678/3984/4772/3553/6300/10095/57180/3937",45
"Cellular Processes","Cell growth and death","hsa04115","p53 signaling pathway","28/1921","75/9400",0.373333333333333,1.82682630574354,3.64336966025127,0.00052912356189787,0.00345765529116353,0.00215449785232816,"1017/983/7157/6241/1019/472/9540/9133/841/92344/55240/1111/2810/891/8795/355/5054/27244/317/5366/11200/1021/595/1643/3479/56475/1029/4616",28
"Human Diseases","Infectious disease: viral","hsa05165","Human papillomavirus infection","93/1921","333/9400",0.279279279279279,1.36659303759772,3.45189249764252,0.000536532717594342,0.00345765529116353,0.00215449785232816,"1017/1740/5291/7157/27175/5590/529/3688/5526/84552/1019/8323/51606/51382/5567/50855/523/1978/5604/534/472/5925/5933/1857/841/28227/1291/7474/1277/535/208/84441/1739/3551/7480/148327/5829/1278/526/1282/5522/3915/1292/1284/7098/1741/3676/3065/4242/23513/23493/7248/9519/2535/324/2335/890/182/5970/3910/3371/9223/3135/64764/3105/355/3908/998/7059/1288/3106/3696/3913/284217/3280/3659/5525/1021/1293/55502/3672/595/4851/3673/83439/3134/7422/3678/5521/8321/7132/3381/5743",93
"Environmental Information Processing","Signal transduction","hsa04371","Apelin signaling pathway","45/1921","140/9400",0.321428571428571,1.57284152599093,3.46079407129328,0.000704083348761431,0.00445492737034505,0.00277590755683933,"6262/5581/2773/7046/6543/814/10681/808/4209/10672/4205/3708/5567/111/10014/2787/5604/84557/4089/208/23236/107/2785/22808/55970/2788/4208/5332/6261/182/6547/4842/51764/5563/5054/91860/115/8877/440738/595/59/2770/114/108/999",45
"Genetic Information Processing","Replication and repair","hsa03430","Mismatch repair","12/1921","23/9400",0.521739130434783,2.55301812914469,3.77912473064663,0.000721930736928429,0.00448628386519809,0.00279544608660256,"5981/6742/10714/5424/5111/5982/2956/5985/5983/3978/5984/9156",12
"Human Diseases","Cancer: specific types","hsa05212","Pancreatic cancer","28/1921","77/9400",0.363636363636364,1.77937627182812,3.48014581295972,0.000859702529940807,0.00524871018279651,0.00327052116653382,"5601/5291/7046/7157/1019/5604/369/5925/4089/208/3551/7048/5888/5970/998/7040/5602/1021/595/5880/1643/5599/2064/7422/675/9459/1029/4616",28
"Human Diseases","Cardiovascular disease","hsa05418","Fluid shear stress and atherosclerosis","45/1921","142/9400",0.316901408450704,1.55068882844176,3.35100125770956,0.000983273393664019,0.00589964036198411,0.00367612194364406,"6416/5601/5291/7157/5590/808/4205/5598/2950/5600/208/3551/1906/90/4208/6347/5970/1535/657/5563/7412/91860/5602/92/857/6385/3383/5880/3791/3162/5599/4318/7422/2949/9181/4217/7132/3553/6382/6300/4313/7850/858/4688/2952",45
"Environmental Information Processing","Signal transduction","hsa04022","cGMP-PKG signaling pathway","51/1921","166/9400",0.307228915662651,1.50335856701141,3.31603659062941,0.00103473213955568,0.00610316584009115,0.00380294060211366,"492/5581/2773/5530/6543/808/5532/491/4209/10672/4205/3708/111/6093/5138/5604/153/291/150/208/23236/107/148327/5534/9475/4775/776/4878/4208/27345/5332/476/481/6547/64764/1909/91860/115/5997/3764/2969/8654/2770/4772/134/482/477/114/3779/108/10242",51
"Organismal Systems","Excretory system","hsa04961","Endocrine and other factor-regulated calcium reabsorption","21/1921","53/9400",0.39622641509434,1.93884867354856,3.4736027592557,0.00105407605856785,0.00611364113969351,0.00380946786078906,"492/5582/6543/491/1759/5567/5579/1212/26052/23236/793/5332/476/481/6547/1785/115/5745/482/477/5578",21
"Human Diseases","Drug resistance: antineoplastic","hsa01523","Antifolate resistance","14/1921","30/9400",0.466666666666667,2.28353288217942,3.56845785282264,0.00110654066634486,0.00631272380144282,0.00393351815818881,"2618/7298/10057/1719/2356/3551/10257/6573/5970/4363/6472/8714/8836/3553",14
"Human Diseases","Infectious disease: parasitic","hsa05143","African trypanosomiasis","16/1921","37/9400",0.432432432432432,2.11601502595776,3.4470384908125,0.0013779903641651,0.00773452656015248,0.00481945696125654,"5582/5579/4615/23236/4878/2150/5332/3910/355/7412/3383/3040/3606/3043/3553/5578",16
"Environmental Information Processing","Signal transduction","hsa04071","Sphingolipid signaling pathway","40/1921","125/9400",0.32,1.56585111920875,3.227624230886,0.00149120935313205,0.00823715642682468,0.00513265040509947,"5581/2773/5601/5582/5291/7157/5590/5526/10672/53637/165679/8879/123099/6093/29095/5579/5604/28227/5600/208/23236/9475/1903/5522/5332/5970/4363/5525/5602/8877/9517/5880/5599/2770/5521/134/4217/7132/6300/5578",40
"Human Diseases","Endocrine and metabolic disease","hsa04940","Type I diabetes mellitus","18/1921","44/9400",0.409090909090909,2.00179830580663,3.37554782272339,0.00153474881540812,0.00834519668378163,0.00519997131536302,"2572/5798/5799/2571/3382/3122/3108/3135/3105/355/3106/3134/3117/3113/3123/3553/3111/3115",18
"Human Diseases","Cancer: specific types","hsa05214","Glioma","27/1921","76/9400",0.355263157894737,1.73840379188471,3.27553558993971,0.00157658906722638,0.00844081531376582,0.0052595521918807,"815/5582/5291/7157/816/814/808/1019/818/5579/5604/369/5925/57172/208/8536/57118/91860/1021/25759/595/53358/1643/3479/1029/5578/4616",27
"Human Diseases","Infectious disease: parasitic","hsa05142","Chagas disease","34/1921","103/9400",0.330097087378641,1.6152590428731,3.18191037747925,0.00182771571134598,0.00963704647800606,0.006004935191982,"6416/2773/5601/5291/7046/51135/841/4615/5600/208/23236/3551/107/414062/5522/8837/7048/5332/6347/5970/355/3576/5054/811/7040/5602/2774/5599/2770/9630/5521/7132/3553/6300",34
"Organismal Systems","Nervous system","hsa04726","Serotonergic synapse","37/1921","115/9400",0.321739130434783,1.57436117963923,3.14069516222633,0.00197705576275942,0.0102688866483623,0.00639864080327478,"260293/3765/3361/3356/2561/2773/5582/10681/3763/3708/3354/5567/111/774/5579/2787/5604/369/2560/3358/23236/3760/2785/1573/776/55970/3363/2788/8605/5332/2562/51764/3781/2770/5743/5578/4128",37
"Organismal Systems","Endocrine system","hsa04912","GnRH signaling pathway","31/1921","93/9400",0.333333333333333,1.63109491584244,3.09965986075073,0.00239551841491729,0.0120465456840332,0.00750631703239818,"815/6416/5601/816/808/818/3708/5567/111/2185/5579/5598/5604/5600/23236/107/776/8605/5332/10746/998/91860/115/5602/4214/5599/6300/4313/114/108/5578",31
"Metabolism","Glycan biosynthesis and metabolism","hsa00514","Other types of O-glycan biosynthesis","19/1921","49/9400",0.387755102040816,1.89739612659223,3.19180200205103,0.00241711777066605,0.0120465456840332,0.00750631703239818,"29071/23509/50614/6487/168391/2589/8985/100528030/374378/4242/56983/2591/6480/728819/285203/11226/79623/57452/55568",19
"Human Diseases","Infectious disease: bacterial","hsa05133","Pertussis","27/1921","78/9400",0.346153846153846,1.69382933568254,3.11837364179374,0.00242944336710873,0.0120465456840332,0.00750631703239818,"2773/5601/808/3688/51135/727/4615/5600/29108/710/5970/3576/91860/3659/715/5602/834/5599/2770/3678/3553/6300/100293534/23643/3689/6372/6374",27
"Environmental Information Processing","Signal transduction","hsa04014","Ras signaling pathway","67/1921","238/9400",0.281512605042017,1.37752133648879,2.98963092497598,0.00245777225162746,0.0120465456840332,0.00750631703239818,"5058/8437/5601/5582/5291/2902/5924/627/10681/808/56924/283455/9771/25/8831/5567/5579/2787/5604/5062/10125/208/5863/3551/2785/5063/3815/51196/57144/22808/55970/3363/2788/2113/7074/8605/2903/2321/5970/51365/23179/2114/51764/2549/998/91860/2254/4301/5602/284/25759/1944/5880/53358/3791/56034/3479/2246/285/5599/7422/83593/5322/2263/2261/5578/7424",67
"Environmental Information Processing","Signal transduction","hsa04350","TGF-beta signaling pathway","35/1921","110/9400",0.318181818181818,1.5569542378496,2.97776718054363,0.00316988264304441,0.0151112213668418,0.0094159455582862,"1875/7046/4090/7050/91/130399/6093/5933/26585/4089/8646/60436/4086/2014/9372/90/3065/4681/25942/7048/57154/64388/4609/657/2200/650/7040/92/3399/7018/10468/1030/3625/653/9241",35
"Organismal Systems","Endocrine system","hsa04914","Progesterone-mediated oocyte maturation","35/1921","110/9400",0.318181818181818,1.5569542378496,2.97776718054363,0.00316988264304441,0.0151112213668418,0.0094159455582862,"1017/2773/983/5601/5291/5567/111/5604/369/10459/9133/5600/208/107/64506/4085/6790/25906/699/890/891/115/5602/6196/27330/3479/22849/3835/5599/2770/993/6300/114/995/108",35
"Human Diseases","Immune disease","hsa05323","Rheumatoid arthritis","31/1921","95/9400",0.326315789473684,1.59675607550892,2.96266948082123,0.00346600777741941,0.0162996041424589,0.0101564381528933,"529/51606/51382/523/534/535/526/414062/6347/2321/3122/3108/3576/7040/284/1513/3383/3606/3117/3113/7422/2920/3123/3553/3111/2921/8741/3689/6372/6374/3115",31
"Human Diseases","Cardiovascular disease","hsa05410","Hypertrophic cardiomyopathy","32/1921","99/9400",0.323232323232323,1.58166779718055,2.9485638479452,0.00355205873554424,0.0164791266267035,0.0102683003179096,"6262/10368/6543/785/3688/59283/55799/784/783/10369/1906/3676/776/782/4000/6547/4842/5563/3908/3696/284217/7040/6640/3672/3673/3479/781/3678/9254/7171/70/27092",32
"Organismal Systems","Digestive system","hsa04974","Protein digestion and absorption","33/1921","103/9400",0.320388349514563,1.56775142396507,2.93621714084368,0.00362582957549999,0.0164791266267035,0.0102683003179096,"5646/5645/6543/1281/1291/1277/1278/1282/1292/1284/1289/476/206358/481/2006/6547/255631/1288/23428/6505/1293/80781/1296/1290/169044/1295/9056/482/340267/477/117247/81578/91522",33
"Human Diseases","Endocrine and metabolic disease","hsa04930","Type II diabetes mellitus","18/1921","47/9400",0.382978723404255,1.87402394586153,3.04424452534857,0.00364624353521888,0.0164791266267035,0.0102683003179096,"5581/5601/5291/5590/774/122809/777/3551/8835/3099/6833/776/8913/5602/2645/5599/80201/9021",18
"Human Diseases","Infectious disease: bacterial","hsa05130","Pathogenic Escherichia coli infection","57/1921","200/9400",0.285,1.39458615304529,2.85854916092281,0.00371865660178794,0.0165909294541308,0.0103379657215697,"2149/5058/5601/3688/10672/7277/51135/25/26999/6093/10382/81873/5062/841/8743/7280/4615/5600/3551/5063/4644/9475/10458/644150/29108/10163/4671/8936/10810/5970/4629/4643/8795/355/3576/2846/998/100506658/5602/84617/3071/834/5599/9071/3606/9871/837/9181/7132/3553/6300/10095/57180/9170/5010/7100/9076",57
"Organismal Systems","Endocrine system","hsa04924","Renin secretion","24/1921","69/9400",0.347826086956522,1.70201208609646,2.96611360181907,0.00384267640973144,0.0169272327922347,0.0105475195257119,"2773/5530/808/5532/3708/5136/5567/111/5153/153/23236/5534/1906/116/776/4878/5332/1909/91860/5137/2770/134/3759/358",24
"Metabolism","Amino acid metabolism","hsa00250","Alanine, aspartate and glutamate metabolism","15/1921","37/9400",0.405405405405405,1.9837640868354,3.03855467384091,0.0041119597759509,0.0178870250253864,0.0111455751821827,"27165/2572/2805/2806/80150/790/2571/2744/56954/443/1373/440/2746/339983/18",15
"Human Diseases","Cancer: specific types","hsa05220","Chronic myeloid leukemia","26/1921","77/9400",0.337662337662338,1.65227796669754,2.91261424903752,0.00425502849222179,0.0182808631517677,0.0113909794593592,"5291/7046/7157/1019/25/5604/369/5925/4089/208/3551/6776/3065/7048/5970/4609/7040/1021/613/25759/595/53358/1643/2122/1029/4616",26
"Organismal Systems","Immune system","hsa04670","Leukocyte transendothelial migration","36/1921","116/9400",0.310344827586207,1.51860561130159,2.84827147736145,0.00442741084348896,0.0187894996772458,0.0117079157093546,"2773/5582/5291/3688/2185/6093/5579/11069/5600/7852/5829/7070/9475/3676/1495/4478/1535/7412/998/100506658/4301/1496/4267/3383/5880/9071/2770/4318/83593/6300/4313/5010/3689/4688/5578/9076",36
"Cellular Processes","Cellular community - eukaryotes","hsa04540","Gap junction","29/1921","89/9400",0.325842696629214,1.59444109750891,2.85554105123325,0.00471053090281497,0.0197457898659374,0.0123037892086603,"3356/2773/983/5582/7277/3708/5567/111/10382/5579/5598/5604/153/7280/3358/2915/23236/107/5332/2911/10746/115/84617/56034/2770/114/108/2697/5578",29
"Cellular Processes","Cellular community - eukaryotes","hsa04520","Adherens junction","30/1921","93/9400",0.32258064516129,1.57847895081527,2.84123344859735,0.00482296591553069,0.0197457898659374,0.0123037892086603,"4008/7046/5818/6093/83605/117178/7525/51701/4089/8826/9475/10458/54922/10163/1495/7048/57154/8936/6591/10810/5819/998/4301/1496/5880/83439/5787/2064/51176/999",30
"Human Diseases","Cancer: specific types","hsa05222","Small cell lung cancer","30/1921","93/9400",0.32258064516129,1.57847895081527,2.84123344859735,0.00482296591553069,0.0197457898659374,0.0123037892086603,"1017/5291/7157/3688/1019/5925/1163/208/3551/1282/3915/1284/2335/5970/3910/4609/9618/3908/6502/317/1288/3913/284217/1021/595/3673/1643/1030/5743/4616",30
"Human Diseases","Infectious disease: bacterial","hsa05100","Bacterial invasion of epithelial cells","26/1921","78/9400",0.333333333333333,1.63109491584244,2.83641761716108,0.00516782105477833,0.020911647989103,0.0130302464783884,"5291/3688/1759/1212/81873/10459/26052/5829/9844/10163/1495/8936/23607/2335/1785/2549/998/857/25759/1496/53358/3678/10095/57180/858/999",26
"Cellular Processes","Cellular community - eukaryotes","hsa04530","Tight junction","49/1921","170/9400",0.288235294117647,1.41041736840494,2.73673081415382,0.00538135680203355,0.0215254272081342,0.0134126981393698,"1740/5581/5601/5590/5962/3688/84552/1019/7277/5567/50855/6093/81873/55114/9693/1739/9475/5522/1741/5872/5111/776/4478/23513/7074/23327/4734/4629/9223/54566/5563/998/100506658/4301/5602/4214/595/153562/150084/5599/9071/2064/5521/9181/4217/10095/57180/5010/9076",49
"Human Diseases","Cardiovascular disease","hsa05417","Lipid and atherosclerosis","60/1921","216/9400",0.277777777777778,1.35924576320204,2.70698178596675,0.00551496195060141,0.0218091677137419,0.013589499543348,"815/6416/5601/5291/5530/7157/816/808/5532/51135/818/3708/841/8743/4615/5600/208/23236/3551/839/5534/9475/414062/1573/19/4775/29108/5332/6347/5970/1535/5451/8795/355/3576/7494/7412/998/317/91860/5602/30001/3383/834/5599/3606/4318/4772/3310/2920/4217/7132/3553/6300/2921/23643/948/4688/5578/4973",60
"Organismal Systems","Endocrine system","hsa04935","Growth hormone synthesis, secretion and action","37/1921","122/9400",0.30327868852459,1.48402898080747,2.72713625683874,0.0060026172905673,0.0233204618179392,0.0145312012537673,"6750/6416/2773/5601/5582/5291/3708/5567/111/5579/5604/5600/208/23236/107/148327/8835/6776/776/5332/112609/64764/115/5602/25759/4214/53358/3479/5599/6752/2770/6751/6300/114/108/5578/9021",37
"Environmental Information Processing","Signal transduction","hsa04370","VEGF signaling pathway","21/1921","60/9400",0.35,1.71264966163457,2.80647392133167,0.00609816673974847,0.0233204618179392,0.0145312012537673,"5582/5291/5530/5532/5579/5604/5600/208/5829/5534/8605/998/7867/8877/25759/5880/3791/7422/6300/5743/5578",21
"Organismal Systems","Nervous system","hsa04730","Long-term depression","21/1921","60/9400",0.35,1.71264966163457,2.80647392133167,0.00609816673974847,0.0233204618179392,0.0145312012537673,"2773/5582/1392/10672/3708/5579/5604/369/2781/23236/8605/5332/6261/2911/4842/3479/2891/2770/2892/2890/5578",21
"Human Diseases","Infectious disease: viral","hsa05161","Hepatitis B","47/1921","163/9400",0.288343558282209,1.41094713579009,2.68223625760934,0.00627297492494275,0.0237282094986965,0.0147852727063868,"1017/6416/6775/5601/5582/5291/7046/7157/51135/2185/3339/5579/5604/369/5925/841/4615/5600/4089/208/3551/148327/332/7098/5111/4775/6776/7048/890/5970/4609/64764/355/3576/317/64135/7040/5602/4214/1643/5599/4318/4772/3718/6300/1960/5578",47
"Human Diseases","Infectious disease: viral","hsa05169","Epstein-Barr virus infection","57/1921","205/9400",0.278048780487805,1.36057185662955,2.64530425499192,0.00656364334611925,0.0245607299403172,0.0153040241007421,"1017/956/6416/5601/5291/7157/7431/1019/7128/51135/2923/5925/841/4615/5600/208/4940/3551/3065/25942/890/5970/4734/4609/3122/8819/3108/3135/3105/355/10018/6502/960/317/811/965/3106/3280/5602/1021/4938/3383/595/1643/3134/5599/3117/3113/3718/3627/3123/6300/3111/864/4939/4616/3115",57
"Human Diseases","Drug resistance: antineoplastic","hsa01522","Endocrine resistance","31/1921","99/9400",0.313131313131313,1.53224067851866,2.69801015406533,0.00684905964903804,0.0252895819253703,0.0157581786951793,"5601/5291/7157/5469/1019/5567/111/5604/369/5925/5600/1031/208/107/182/115/5602/25759/595/4851/53358/3479/5599/2064/4318/6300/4313/1029/114/108/28514",31
"Human Diseases","Infectious disease: parasitic","hsa05146","Amoebiasis","32/1921","103/9400",0.310679611650485,1.52024380505703,2.6905239042081,0.00690376518077639,0.0252895819253703,0.0157581786951793,"5582/5291/5567/5579/1281/1277/23236/107/1278/1282/3915/1284/5332/2335/5970/3910/384/3576/3908/1288/3913/284217/7040/2774/5269/9630/2920/3553/2921/3689/7850/5578",32
"Metabolism","Amino acid metabolism","hsa00330","Arginine and proline metabolism","18/1921","50/9400",0.36,1.76158250910984,2.73639569569589,0.00773316349036115,0.0280327176525592,0.0174674526207719,"2805/548596/84735/57571/4953/2806/113451/501/4942/1160/5033/4842/384/79814/112849/217/5831/4128",18
"Cellular Processes","Cell motility","hsa04814","Motor proteins","54/1921","194/9400",0.278350515463918,1.36204833178596,2.58234742416393,0.00781457889131634,0.0280358088059596,0.0174693787478151,"6993/92558/27175/90990/24137/64837/7277/3832/3800/10382/57644/11127/3797/1780/7802/7280/51143/9928/3831/4644/4649/146909/3798/56992/3833/10112/9493/81930/11004/23095/4650/547/4629/4643/7138/6990/84617/4647/59/374654/1062/3835/1767/72/127602/7171/1770/70/201625/399687/23026/23046/1768/64147",54
"Organismal Systems","Endocrine system","hsa04929","GnRH secretion","22/1921","65/9400",0.338461538461538,1.65618868377848,2.69036369849129,0.00792044709369599,0.0281256692714919,0.0175253716573724,"3765/5582/5291/3780/3763/610/3708/5579/5604/2550/8911/348980/208/23236/3760/776/408/5332/9568/8913/3781/5578",22
"Cellular Processes","Transport and catabolism","hsa04144","Endocytosis","67/1921","250/9400",0.268,1.31140031233732,2.52907228145731,0.00852636335020774,0.0299714590492151,0.0186755007989665,"440073/23096/93343/5662/116986/51324/7046/5590/8395/254122/26056/10193/84552/1759/26286/50855/3800/10015/9922/84440/118813/22841/1212/81873/23396/157/51028/23362/7852/26052/6457/6456/9829/273/274/27131/644150/9372/7048/408/57154/3798/23327/58513/30845/4734/3135/1785/3105/1234/998/83737/3106/857/116985/64744/3134/3310/30011/64411/2263/56904/10095/116984/57180/2261/858",67
"Organismal Systems","Immune system","hsa04658","Th1 and Th2 cell differentiation","29/1921","93/9400",0.311827956989247,1.52586298578809,2.58280703644398,0.00928301579608422,0.0322942481237722,0.020122852732901,"6775/5601/5530/3595/5532/5588/5600/84441/3551/5534/4775/6776/182/5970/3122/3108/5602/4851/5599/3117/3113/4772/3718/3123/6300/3111/864/28514/3115",29
"Organismal Systems","Endocrine system","hsa04916","Melanogenesis","31/1921","101/9400",0.306930693069307,1.50189927894403,2.57005179218488,0.00937275592097987,0.0322942481237722,0.020122852732901,"815/2773/5582/816/808/8323/818/5567/111/5579/5604/1857/7474/23236/107/7480/148327/3815/1906/5332/2535/64764/91860/115/83439/2770/8321/114/108/5578/51176",31
"Human Diseases","Infectious disease: viral","hsa05167","Kaposi sarcoma-associated herpesvirus infection","54/1921","196/9400",0.275510204081633,1.34814987942079,2.49625369308482,0.00969653681165834,0.0328338977151808,0.0204591135188362,"6416/5601/5291/5530/7157/10681/808/5532/1019/3708/2787/5604/84557/5925/841/5600/208/3551/2785/5534/7098/4775/55970/2788/5970/4609/3135/51764/3105/355/1234/3576/91860/9976/3106/5602/1021/440738/3383/595/83439/3134/285/5599/7422/4772/2920/7132/6300/4277/2921/5743/51176/1230",54
"Human Diseases","Infectious disease: bacterial","hsa05110","Vibrio cholerae infection","18/1921","51/9400",0.352941176470588,1.72704167559788,2.63842379489861,0.00971807892144718,0.0328338977151808,0.0204591135188362,"10952/11014/9601/29927/529/51606/51382/5567/523/534/535/526/23480/11015/55176/115/30001/5578",18
"Metabolism","Amino acid metabolism","hsa00220","Arginine biosynthesis","10/1921","23/9400",0.434782608695652,2.12751510762058,2.74370282446949,0.0103489081054161,0.0342992382922363,0.0213721811500323,"27165/2805/2806/100526760/790/2744/4842/384/1373/2746",10
"Organismal Systems","Excretory system","hsa04964","Proximal tubule bicarbonate reclamation","10/1921","23/9400",0.434782608695652,2.12751510762058,2.74370282446949,0.0103489081054161,0.0342992382922363,0.0213721811500323,"27165/4190/2744/476/481/2746/482/477/8671/358",10
"Human Diseases","Endocrine and metabolic disease","hsa04934","Cushing syndrome","44/1921","155/9400",0.283870967741935,1.38906147671744,2.47521747694052,0.0107081079439105,0.0351549204196308,0.0219053648107802,"815/54554/1017/6770/2773/816/1392/1019/8323/818/3708/5567/111/5604/5925/1857/8911/7474/1031/57552/23236/107/7480/148327/776/3777/5332/2535/324/3164/64764/8913/115/1021/595/83439/2770/1030/8321/1029/114/108/51176/196",44
"Organismal Systems","Immune system","hsa04062","Chemokine signaling pathway","53/1921","193/9400",0.274611398963731,1.34375177004637,2.44538512807696,0.0110326594456171,0.0358819204399508,0.0223583654284025,"5058/2773/5291/5590/10681/5567/111/2185/6093/5579/2787/5604/157/7852/208/23236/3551/107/2785/5829/9844/9475/414062/55970/408/9547/2788/7074/5332/6347/5970/51764/6351/6376/1234/3576/998/115/25759/5880/53358/2770/2920/3718/3627/58191/2921/114/108/5473/6372/6374/1230",53
"Human Diseases","Cancer: specific types","hsa05219","Bladder cancer","15/1921","41/9400",0.365853658536585,1.79022612714414,2.56987103775038,0.0122729846009402,0.0395462837141408,0.0246416649882426,"7157/1019/5604/369/5925/4609/3576/595/2064/4318/7422/4313/1029/2261/999",15
"Environmental Information Processing","Signal transduction","hsa04072","Phospholipase D signaling pathway","42/1921","149/9400",0.281879194630872,1.37931516373254,2.36527553111987,0.0140675962774115,0.0449130596746716,0.0279857540622576,"8525/2149/5291/2913/8526/8395/1759/10672/111/2185/1609/5604/23396/11069/2915/26052/208/2912/23236/107/10161/3815/160851/22808/7248/8605/5332/2911/1607/1785/3576/2846/2549/115/8877/25759/53358/56034/9170/114/108/5578",42
"Human Diseases","Infectious disease: bacterial","hsa05132","Salmonella infection","65/1921","248/9400",0.262096774193548,1.2825141475374,2.28502405467342,0.0155784001504122,0.0492843932031224,0.0307095735022481,"6993/5058/6416/5601/5291/64837/7277/23207/51135/26999/3800/10382/81873/5604/1780/841/8743/7280/4615/26263/5600/2316/5216/51143/208/3831/3551/5063/9844/9475/29108/4671/302/112574/3798/79443/10810/5970/4609/8767/8795/1785/6990/3576/998/6281/5602/5287/84617/3071/834/83439/51209/57381/5599/3606/837/7132/3553/6300/10095/57180/23643/7100/51176",65
