"query","significant","p_value","term_size","query_size","intersection_size","precision","recall","term_id","source","term_name","effective_domain_size","source_order","parents"
"query_1",TRUE,1.08144307245473e-79,12804,3877,2886,0.744389992262058,0.225398313027179,"GO:0065007","GO:BP","biological regulation",20972,14784,"GO:0008150"
"query_1",TRUE,3.52301457891879e-78,12397,3877,2811,0.725045137993294,0.22674840687263,"GO:0050789","GO:BP","regulation of biological process",20972,12397,"GO:0008150;GO:0065007"
"query_1",TRUE,1.86450723345183e-75,4023,3877,1179,0.304101109104978,0.293064876957494,"GO:0048731","GO:BP","system development",20972,12138,"GO:0007275;GO:0048856"
"query_1",TRUE,5.13431295438148e-75,2597,3877,850,0.219241681712664,0.3273007316134,"GO:0007399","GO:BP","nervous system development",20972,2762,"GO:0048731"
"query_1",TRUE,2.43146355280321e-71,4690,3877,1311,0.338148052618004,0.27953091684435,"GO:0007275","GO:BP","multicellular organism development",20972,2666,"GO:0032501;GO:0048856"
"query_1",TRUE,1.17052691896891e-109,2370,4099,875,0.213466699194926,0.369198312236287,"GO:0030054","GO:CC","cell junction",22155,844,"GO:0110165"
"query_1",TRUE,3.17751015222468e-101,1608,4099,655,0.159795071968773,0.407338308457711,"GO:0045202","GO:CC","synapse",22155,2102,"GO:0030054"
"query_1",TRUE,1.27650493746433e-95,12601,4099,2923,0.71310075628202,0.231965717006587,"GO:0005737","GO:CC","cytoplasm",22155,304,"GO:0005622;GO:0110165"
"query_1",TRUE,2.38714882461424e-80,2566,4099,856,0.208831422298121,0.333593141075604,"GO:0042995","GO:CC","cell projection",22155,1807,"GO:0110165"
"query_1",TRUE,8.10405916602807e-76,2449,4099,816,0.199072944620639,0.333197223356472,"GO:0120025","GO:CC","plasma membrane bounded cell projection",22155,3370,"GO:0042995"
"query_1",TRUE,1.56999233363895e-99,15082,4037,3517,0.871191478820907,0.233191884365469,"GO:0005515","GO:MF","protein binding",20208,1455,"GO:0005488"
"query_1",TRUE,1.89445882827721e-26,6446,4037,1590,0.393856824374536,0.246664598200434,"GO:0036094","GO:MF","small molecule binding",20208,4848,"GO:0005488"
"query_1",TRUE,7.38354188489993e-26,6253,4037,1545,0.382709933118652,0.247081400927555,"GO:0043167","GO:MF","ion binding",20208,5156,"GO:0036094"
"query_1",TRUE,3.45538811717145e-23,996,4037,337,0.0834778300718355,0.338353413654618,"GO:0008092","GO:MF","cytoskeletal protein binding",20208,1507,"GO:0005515"
"query_1",TRUE,3.16238607937989e-20,2496,4037,689,0.170671290562299,0.276041666666667,"GO:0043168","GO:MF","anion binding",20208,5157,"GO:0043167"
"query_1",TRUE,4.07082031427997e-09,335,1286,140,0.108864696734059,0.417910447761194,"HP:0011182","HP","Interictal epileptiform activity",5200,9799,"HP:0025373"
"query_1",TRUE,4.07082031427997e-09,349,1286,145,0.112752721617418,0.415472779369628,"HP:0025373","HP","Interictal EEG abnormality",5200,9013,"HP:0002353"
"query_1",TRUE,4.22237020710146e-09,132,1286,70,0.0544323483670296,0.53030303030303,"HP:0200134","HP","Epileptic encephalopathy",5200,15983,"HP:0001298"
"query_1",TRUE,1.7627991291234e-08,284,1286,121,0.0940902021772939,0.426056338028169,"HP:0011198","HP","EEG with generalized epileptiform discharges",5200,9815,"HP:0011182"
"query_1",TRUE,2.29080760072308e-06,192,1286,85,0.0660964230171073,0.442708333333333,"HP:0002521","HP","Hypsarrhythmia",5200,1526,"HP:0011198"
"query_1",TRUE,2.87728129601183e-27,8092,2634,2155,0.818147304479878,0.266312407315868,"HPA:0100000","HPA","Cerebral cortex",11007,186,"HPA:0000000"
"query_1",TRUE,1.18345873776454e-21,292,2634,149,0.0565679574791192,0.51027397260274,"HPA:0091061","HPA","Cerebellum; synaptic glomeruli - core[≥Low]",11007,177,"HPA:0090000"
"query_1",TRUE,1.28565605729552e-21,263,2634,138,0.0523917995444191,0.524714828897338,"HPA:0090991","HPA","Cerebellum; molecular layer - neuropil[≥Low]",11007,150,"HPA:0090000"
"query_1",TRUE,1.37033424457228e-21,229,2634,125,0.0474563401670463,0.54585152838428,"HPA:0091062","HPA","Cerebellum; synaptic glomeruli - core[≥Medium]",11007,178,"HPA:0091061"
"query_1",TRUE,2.50399500573259e-21,338,2634,164,0.0622627182991648,0.485207100591716,"HPA:0091001","HPA","Cerebellum; molecular layer cells - cytoplasm/membrane[≥Low]",11007,153,"HPA:0090000"
"query_1",TRUE,1.80822246069248e-07,89,1900,46,0.0242105263157895,0.51685393258427,"KEGG:04727","KEGG","GABAergic synapse",8716,370,"KEGG:00000"
"query_1",TRUE,2.81315548001564e-07,89,1900,45,0.0236842105263158,0.50561797752809,"KEGG:05032","KEGG","Morphine addiction",8716,436,"KEGG:00000"
"query_1",TRUE,2.81315548001564e-07,116,1900,54,0.0284210526315789,0.46551724137931,"KEGG:04724","KEGG","Glutamatergic synapse",8716,367,"KEGG:00000"
"query_1",TRUE,3.58582816927916e-07,297,1900,108,0.0568421052631579,0.363636363636364,"KEGG:04517","KEGG","IgSF CAM signaling",8716,326,"KEGG:00000"
"query_1",TRUE,1.07490836697367e-06,199,1900,78,0.0410526315789474,0.391959798994975,"KEGG:04082","KEGG","Neuroactive ligand signaling",8716,272,"KEGG:00000"
"query_1",TRUE,2.61478799656379e-10,1378,4053,452,0.111522329138909,0.328011611030479,"MIRNA:hsa-mir-124-3p","MIRNA","hsa-mir-124-3p",16638,609,"MIRNA:000000"
"query_1",TRUE,4.84072293239255e-07,706,4053,244,0.0602023192696768,0.345609065155807,"MIRNA:hsa-mir-215-5p","MIRNA","hsa-mir-215-5p",16638,1142,"MIRNA:000000"
"query_1",TRUE,5.9940043604776e-07,920,4053,304,0.075006168270417,0.330434782608696,"MIRNA:hsa-mir-192-5p","MIRNA","hsa-mir-192-5p",16638,624,"MIRNA:000000"
"query_1",TRUE,6.19508644690117e-07,1704,4053,519,0.128053293856403,0.304577464788732,"MIRNA:hsa-mir-603","MIRNA","hsa-mir-603",16638,1688,"MIRNA:000000"
"query_1",TRUE,2.08363062141183e-06,1186,4053,374,0.0922773254379472,0.315345699831366,"MIRNA:hsa-mir-4308","MIRNA","hsa-mir-4308",16638,2127,"MIRNA:000000"
"query_1",TRUE,9.70793203983338e-23,399,2480,183,0.0737903225806452,0.458646616541353,"REAC:R-HSA-112316","Reactome","Neuronal System",11056,1654,"REAC:0000000"
"query_1",TRUE,1.63629399020768e-16,258,2480,123,0.0495967741935484,0.476744186046512,"REAC:R-HSA-112315","Reactome","Transmission across Chemical Synapses",11056,2678,"REAC:R-HSA-112316"
"query_1",TRUE,8.8933572050625e-10,195,2480,88,0.0354838709677419,0.451282051282051,"REAC:R-HSA-112314","Reactome","Neurotransmitter receptors and postsynaptic signal transmission",11056,1658,"REAC:R-HSA-112315"
"query_1",TRUE,1.97591556905735e-09,2570,2480,706,0.284677419354839,0.274708171206226,"REAC:R-HSA-162582","Reactome","Signal Transduction",11056,2309,"REAC:0000000"
"query_1",TRUE,7.54667669180481e-09,86,2480,48,0.0193548387096774,0.558139534883721,"REAC:R-HSA-6794362","Reactome","Protein-protein interactions at synapses",11056,1892,"REAC:R-HSA-112316"
"query_1",TRUE,3.35020230735665e-64,14745,4225,3529,0.835266272189349,0.239335367921329,"TF:M11529_1","TF","Factor: E2F-2; motif: GCGCGCGCNCS; match class: 1",20093,1507,"TF:M11529"
"query_1",TRUE,2.84525629579316e-59,14317,4225,3434,0.812781065088757,0.239854718167214,"TF:M00716_1","TF","Factor: ZF5; motif: GSGCGCGR; match class: 1",20093,9479,"TF:M00716"
"query_1",TRUE,8.1058770589763e-56,14163,4225,3393,0.803076923076923,0.239567888159288,"TF:M09894_1","TF","Factor: E2F-4; motif: SNGGGCGGGAANN; match class: 1",20093,1551,"TF:M09894"
"query_1",TRUE,6.85628498901057e-54,12455,4225,3058,0.723786982248521,0.245523885989562,"TF:M11531_1","TF","Factor: E2F-2; motif: GCGCGCGCGYW; match class: 1",20093,1511,"TF:M11531"
"query_1",TRUE,5.42683826274576e-53,13350,4225,3228,0.764023668639053,0.241797752808989,"TF:M00803","TF","Factor: E2F; motif: GGCGSG",20093,1590,"TF:M00000"
"query_1",TRUE,9.08029735370211e-08,89,2162,50,0.0231267345050879,0.561797752808989,"WP:WP2446","WP","Retinoblastoma gene in cancer",8899,125,"WP:000000"
"query_1",TRUE,5.19698420756186e-06,150,2162,68,0.0314523589269195,0.453333333333333,"WP:WP536","WP","Calcium regulation in cardiac cells",8899,801,"WP:000000"
"query_1",TRUE,1.21285691144156e-05,122,2162,57,0.0263644773358002,0.467213114754098,"WP:WP5600","WP","GABA and glutamate signalling in epileptogenesis",8899,941,"WP:000000"
"query_1",TRUE,1.21285691144156e-05,31,2162,22,0.0101757631822387,0.709677419354839,"WP:WP5599","WP","KCNQ2 and KCNQ3 related epilepsy",8899,939,"WP:000000"
"query_1",TRUE,1.69626672175064e-05,121,2162,56,0.0259019426456984,0.462809917355372,"WP:WP4549","WP","Fragile X syndrome",8899,473,"WP:000000"
