"name","GeneSymbol","logFC","adj.P.Val","Status"
"ANKRD34C","ANKRD34C",-5.65388765095549,1.34921110210806e-52,"Down"
"GLS2","GLS2",-5.50193731906101,2.57151902914915e-41,"Down"
"CARMIL2","CARMIL2",-3.20595105415391,1.87333575183099e-40,"Down"
"CNNM1","CNNM1",-4.82352494569711,1.71141828281125e-39,"Down"
"PRSS3","PRSS3",-4.66858115750217,2.29369438220238e-38,"Down"
"DCTN1-AS1","DCTN1-AS1",-4.1485630911666,4.89384412963148e-38,"Down"
"SDR16C5","SDR16C5",-4.00997903277331,2.80565154391068e-36,"Down"
"GJB6","GJB6",-9.29804683670895,1.35626347531504e-35,"Down"
"GPR26","GPR26",-4.11747115450651,1.89576764366921e-35,"Down"
"VWA5B2","VWA5B2",-2.12729785715431,5.48819311666727e-35,"Down"
"SLC32A1","SLC32A1",-5.87105477311749,9.52403824541849e-35,"Down"
"EGR4","EGR4",-6.97362303416122,1.75129999402935e-34,"Down"
"SPTB","SPTB",-4.92237891763531,5.22010200648272e-34,"Down"
"SLC6A17","SLC6A17",-4.30634511010763,5.72891196017981e-33,"Down"
"PHF24","PHF24",-5.73578287565497,1.48295608885162e-32,"Down"
"HAR1A","HAR1A",-3.41108680584846,1.89393658838008e-31,"Down"
"OTUD7A","OTUD7A",-4.62423528900763,3.83787593458939e-30,"Down"
"WEE1","WEE1",5.40032028548922,5.04286072883615e-30,"Up"
"MTUS2","MTUS2",-2.635472179681,2.3241056346463e-29,"Down"
"CAMK2A","CAMK2A",-7.16057833718883,2.39059640164478e-29,"Down"
"LGI3","LGI3",-5.47242752440039,2.98535441176197e-29,"Down"
"TMEM191A","TMEM191A",-2.86331016406318,3.51918434322157e-29,"Down"
"GABRA4","GABRA4",-6.22992094577923,3.59573836556475e-29,"Down"
"PRSS2","PRSS2",-1.88406209183485,4.05384907314352e-29,"Down"
"LINC00950","LINC00950",-2.08534326555267,1.86512446202715e-28,"Down"
"RGS7BP","RGS7BP",-6.00413240273708,2.49449900958392e-28,"Down"
"ANKRD34A","ANKRD34A",-5.74513047988087,2.73732380824545e-28,"Down"
"STYK1","STYK1",-4.09668889477476,1.91978317467251e-27,"Down"
"NPM2","NPM2",-3.75877872831111,2.06932034334394e-27,"Down"
"ARHGDIG","ARHGDIG",-5.51073701142748,6.1310661550178e-27,"Down"
"IQSEC3","IQSEC3",-4.35129923401756,8.4557830116281e-27,"Down"
"NEDD1","NEDD1",3.30248540519506,2.56672434283027e-26,"Up"
"RYR2","RYR2",-5.18313549187627,3.4654378798766e-26,"Down"
"PVALB","PVALB",-7.0877786066455,4.88757936864938e-26,"Down"
"CAMTA2","CAMTA2",-2.66490885626522,6.35700932473237e-26,"Down"
"SCN2B","SCN2B",-6.67130611443682,8.29071504237158e-26,"Down"
"ABLIM2","ABLIM2",-4.71821638039041,1.22121500744998e-25,"Down"
"CCKBR","CCKBR",-3.91488082399967,1.61559361855715e-25,"Down"
"CYP4X1","CYP4X1",-5.24597316749106,1.61559361855715e-25,"Down"
"CPNE9","CPNE9",-4.32117405294688,1.75026362966171e-25,"Down"
"LOC285147","LOC285147",-5.72201265650132,1.86398894933912e-25,"Down"
"UHRF1","UHRF1",5.82854747315332,2.81727191487356e-25,"Up"
"KIAA0513","KIAA0513",-3.97646810351776,3.05273856397743e-25,"Down"
"CABP1","CABP1",-4.84460735846009,6.87217968184582e-25,"Down"
"IPCEF1","IPCEF1",-6.71853812981065,9.7286315855174e-25,"Down"
"CHST14","CHST14",3.45065919100486,2.1789302675291e-24,"Up"
"BTBD9","BTBD9",-2.8533328400242,2.62144984669918e-24,"Down"
"SNAI3-AS1","SNAI3-AS1",-1.11606742046529,2.66093481958226e-24,"Down"
"TMEM218","TMEM218",2.68349394791821,2.80932093721081e-24,"Up"
"CTXN3","CTXN3",-4.32996785846318,3.18917992790144e-24,"Down"
"RFPL2","RFPL2",-2.27632589327482,3.96462061363663e-24,"Down"
"CREG2","CREG2",-5.0158851204405,6.93295368011281e-24,"Down"
"WDR5B","WDR5B",3.13217067887127,9.68669097957938e-24,"Up"
"KCNAB2","KCNAB2",-4.75501561851499,1.66050710618446e-23,"Down"
"LINC01123","LINC01123",-3.93296066339981,1.71049553299612e-23,"Down"
"DGKZ","DGKZ",-2.99747473717463,1.71049553299612e-23,"Down"
"CLEC2L","CLEC2L",-5.60192254743465,2.33222335859985e-23,"Down"
"GAD2","GAD2",-6.00240600894458,2.94543104612988e-23,"Down"
"PACSIN1","PACSIN1",-8.56083676759764,3.21498503401571e-23,"Down"
"SYT5","SYT5",-2.90057048960276,3.35569686492288e-23,"Down"
"OR2L13","OR2L13",-3.15120221662183,3.97438192971484e-23,"Down"
"LOC101930363","LOC101930363",-5.55387373542341,3.97438192971484e-23,"Down"
"SEC14L5","SEC14L5",-5.37546771379132,5.13145327374766e-23,"Down"
"CARTPT","CARTPT",-3.05992881254925,5.69827320370891e-23,"Down"
"CDK2","CDK2",4.2280248975806,5.91620679450244e-23,"Up"
"VEZF1","VEZF1",2.45732602733339,6.28321175403192e-23,"Up"
"INPP5J","INPP5J",-2.29833081407022,9.73578404621086e-23,"Down"
"NUP37","NUP37",3.02568179187206,1.17810156119542e-22,"Up"
"BSN","BSN",-5.61333096140474,1.26003246286696e-22,"Down"
"GOT1","GOT1",-2.73918422587574,1.26691013963009e-22,"Down"
"RBM12","RBM12",1.82136350491683,1.41482262873256e-22,"Up"
"ARHGAP44","ARHGAP44",-5.30089024847581,2.83034716223265e-22,"Down"
"SNCB","SNCB",-6.34279428273235,3.64170465748557e-22,"Down"
"LINC00507","LINC00507",-4.33506160299336,3.88822885238918e-22,"Down"
"CACNG3","CACNG3",-5.98277176052202,4.93382805270523e-22,"Down"
"TRPM2","TRPM2",-2.52266366578048,4.93382805270523e-22,"Down"
"RAB40B","RAB40B",-3.15232705573044,5.14709508421379e-22,"Down"
"PIN1","PIN1",-1.70378090714004,5.16639222408342e-22,"Down"
"PRSS3P2","PRSS3P2",-1.04347723365352,6.0753456681547e-22,"Down"
"KCNH3","KCNH3",-4.22919342962196,7.26704334954742e-22,"Down"
"SLC12A5","SLC12A5",-8.60194804339238,7.87490937976327e-22,"Down"
"NKAIN2","NKAIN2",-5.30988945193492,1.10267992188762e-21,"Down"
"ABCG4","ABCG4",-2.89319524281052,1.24777168092464e-21,"Down"
"STX1B","STX1B",-4.33037517499421,1.76392678940805e-21,"Down"
"MARCH11","MARCH11",-4.32884069454885,1.98772935085758e-21,"Down"
"DLG2","DLG2",-5.78200800749895,2.13130352764927e-21,"Down"
"TMEM151A","TMEM151A",-4.38527009731046,2.16585224910603e-21,"Down"
"RELL2","RELL2",-3.78785339142071,2.49659144355176e-21,"Down"
"LINC00889","LINC00889",-4.71704153366286,2.49977961471512e-21,"Down"
"KRTAP5-AS1","KRTAP5-AS1",-2.39185662051585,3.16090481920896e-21,"Down"
"KCNJ9","KCNJ9",-6.82736620754556,3.61227139610506e-21,"Down"
"LRTM2","LRTM2",-2.88553673753662,3.69405375795826e-21,"Down"
"PPFIA3","PPFIA3",-3.51258232143787,3.74677885562121e-21,"Down"
"KCNV1","KCNV1",-4.45842642091072,4.51121456985714e-21,"Down"
"NCDN","NCDN",-3.84698907561269,5.0364244472683e-21,"Down"
"SYN2","SYN2",-7.09132788980474,6.5048009480011e-21,"Down"
"MFSD4A","MFSD4A",-5.49777075926792,6.52123317134926e-21,"Down"
"MDH1","MDH1",-1.51403772107101,8.86960607504651e-21,"Down"
"FRMPD4","FRMPD4",-5.8880038960238,1.2325808772204e-20,"Down"
"LY86-AS1","LY86-AS1",-3.46957984816233,2.00867395802837e-20,"Down"
"LOC102725213","LOC102725213",-2.40526012295549,2.06782733781934e-20,"Down"
"F2R","F2R",4.52537741407843,2.20649366761249e-20,"Up"
"ENTPD3","ENTPD3",-4.51749945321447,2.44507485099943e-20,"Down"
"STAR","STAR",-2.12245594108514,2.6968850445367e-20,"Down"
"DPH6","DPH6",2.77911116442124,3.47002495480381e-20,"Up"
"SHANK1","SHANK1",-1.85924383093761,3.47002495480381e-20,"Down"
"MIR4745","MIR4745",1.99718176964398,3.48869542446678e-20,"Up"
"IQSEC2","IQSEC2",-2.49178861545076,4.00918922500129e-20,"Down"
"ADAM11","ADAM11",-5.26182480471559,4.42035531402861e-20,"Down"
"GPR22","GPR22",-3.87906995510908,5.5115793804952e-20,"Down"
"OPALIN","OPALIN",-5.35344481831289,7.31439334088506e-20,"Down"
"KRT222","KRT222",-5.63567432128836,7.31439334088506e-20,"Down"
"CASKIN1","CASKIN1",-3.97140880203491,8.61305249372868e-20,"Down"
"PPP4R1","PPP4R1",1.64886637629033,1.00376605508932e-19,"Up"
"YJEFN3","YJEFN3",-4.04555946737127,1.15601603210294e-19,"Down"
"SCN1B","SCN1B",-3.78976407646463,1.22385714304067e-19,"Down"
"LOC101930630","LOC101930630",-1.50016103036654,1.50266785812454e-19,"Down"
"NECAB1","NECAB1",-4.39096633307725,1.59455504606357e-19,"Down"
"FNDC9","FNDC9",-3.53665138542827,1.96912807412992e-19,"Down"
"DYNLT1","DYNLT1",2.13322872281078,2.04077920875711e-19,"Up"
"LOC401220","LOC401220",-2.92578836607916,2.43175351532929e-19,"Down"
"RBM3","RBM3",2.74355770350512,2.6594662968934e-19,"Up"
"LOC283713","LOC283713",-4.05289879034293,2.6594662968934e-19,"Down"
"PABPC1L2B","PABPC1L2B",-3.1374481193165,2.67355791431242e-19,"Down"
"LOC101930324","LOC101930324",-2.89678134000901,2.74655617729413e-19,"Down"
"PANX2","PANX2",-3.5680566057384,3.05470930087983e-19,"Down"
"CES4A","CES4A",-3.47520778943005,3.30964761022758e-19,"Down"
"ITPKA","ITPKA",-5.00858659639356,3.40350175893071e-19,"Down"
"GPX7","GPX7",4.33504854387771,3.52419661867099e-19,"Up"
"TP53INP1","TP53INP1",3.18515446033563,4.05947405890447e-19,"Up"
"GABRA1","GABRA1",-7.24913474764011,4.3894107516605e-19,"Down"
"MCHR2","MCHR2",-1.46896420316844,4.58887624550373e-19,"Down"
"CPLX2","CPLX2",-5.83229603634385,4.59120858864142e-19,"Down"
"SYT3","SYT3",-3.79193407451703,4.84988604224375e-19,"Down"
"SST","SST",-7.43808476087475,5.21342445669092e-19,"Down"
"B3GNT4","B3GNT4",-1.40949327288356,6.17426557299836e-19,"Down"
"ICAM5","ICAM5",-2.28204880729422,6.86598283340671e-19,"Down"
"LOC100287576","LOC100287576",-1.8676881265597,7.96241527345218e-19,"Down"
"PAK1","PAK1",-3.54512007117443,8.35961290431766e-19,"Down"
"RTN4RL1","RTN4RL1",-4.01854568760855,8.43463497619212e-19,"Down"
"YBX1","YBX1",1.49090258057198,1.18852479868661e-18,"Up"
"MVB12A","MVB12A",2.38264225318106,1.22948506463412e-18,"Up"
"SLC26A4-AS1","SLC26A4-AS1",-3.85880483747028,1.22948506463412e-18,"Down"
"LYNX1","LYNX1",-3.77431215096148,1.26451495524157e-18,"Down"
"GTF2H2B","GTF2H2B",2.68439861763543,1.33869606374543e-18,"Up"
"MGME1","MGME1",2.03458691838304,1.33869606374543e-18,"Up"
"SPTBN4","SPTBN4",-2.59956466502413,1.35000570345403e-18,"Down"
"TLN2","TLN2",-4.18779448309448,1.50955648584953e-18,"Down"
"LMO7","LMO7",-1.64768515449553,1.5154662352168e-18,"Down"
"SMC1A","SMC1A",1.99099516536468,1.82598655214252e-18,"Up"
"MADD","MADD",-2.2555591975578,1.93703826908856e-18,"Down"
"AKAP5","AKAP5",-3.09297735479941,1.95998483431144e-18,"Down"
"SVOP","SVOP",-6.85126862050638,2.14113186493671e-18,"Down"
"HS3ST4","HS3ST4",-5.36336765321368,2.18140377818646e-18,"Down"
"RGS8","RGS8",-3.53001416035996,2.84499698723907e-18,"Down"
"MAP2K4","MAP2K4",-1.96413456394971,3.68034920642279e-18,"Down"
"GARNL3","GARNL3",-3.11274906032492,3.82573659288493e-18,"Down"
"HTR5A","HTR5A",-1.21926147157397,4.45506923851266e-18,"Down"
"PELI3","PELI3",-2.62957870117259,4.49123802451785e-18,"Down"
"NEFL","NEFL",-6.06534831875885,5.24261600902572e-18,"Down"
"DGCR5","DGCR5",-4.6594090672831,5.37307314029403e-18,"Down"
"ANXA3","ANXA3",-4.09001239431637,6.1100077645847e-18,"Down"
"DDOST","DDOST",1.57654569052328,6.40415842012133e-18,"Up"
"ATP2B3","ATP2B3",-3.75297569764372,6.69327193882841e-18,"Down"
"DLG4","DLG4",-3.44322844557542,6.86757391966396e-18,"Down"
"VIP","VIP",-3.69308765106253,6.87994742940088e-18,"Down"
"CLEC4GP1","CLEC4GP1",-1.25738369962295,7.41483553181389e-18,"Down"
"FBXW7","FBXW7",-2.88213420502893,8.92732543303039e-18,"Down"
"CCDC90B","CCDC90B",1.19178053714385,1.05251717583813e-17,"Up"
"PRKCE","PRKCE",-4.2165256085121,1.06439107891272e-17,"Down"
"CALY","CALY",-6.15828441183307,1.0720713245847e-17,"Down"
"PRRT3","PRRT3",-3.27050698790013,1.1096852563254e-17,"Down"
"PNMAL2","PNMAL2",-4.31752277639922,1.1096852563254e-17,"Down"
"DMTN","DMTN",-4.25487246921414,1.11580531185292e-17,"Down"
"SMIM15","SMIM15",1.1232462935063,1.12877675974757e-17,"Up"
"FABP3","FABP3",-3.88937525736233,1.21956819327112e-17,"Down"
"MOBP","MOBP",-6.45858739550072,1.57584445760608e-17,"Down"
"DTNB","DTNB",-2.64925526510329,1.59521566925226e-17,"Down"
"MAPK8IP2","MAPK8IP2",-2.67153101846562,1.73065399415415e-17,"Down"
"FAM114A2","FAM114A2",1.75183907109586,1.73065399415415e-17,"Up"
"HTR2A","HTR2A",-4.79688568553169,1.78388422268038e-17,"Down"
"RXFP1","RXFP1",-3.10690453523761,1.84497483494305e-17,"Down"
"CDH9","CDH9",-2.34606838710191,2.19682571581685e-17,"Down"
"CYP20A1","CYP20A1",1.97546378255429,2.24600652063101e-17,"Up"
"OGDHL","OGDHL",-4.91957822945201,2.25981599780141e-17,"Down"
"PRDX4","PRDX4",2.20331172421973,2.96254980176739e-17,"Up"
"SLC25A41","SLC25A41",-1.12101021728008,3.23901585870987e-17,"Down"
"RASAL1","RASAL1",-2.3312946369718,3.28217437610174e-17,"Down"
"UMPS","UMPS",1.64638290612235,3.42656356124248e-17,"Up"
"RBM11","RBM11",-2.96587222623695,3.47198035739001e-17,"Down"
"GABRB2","GABRB2",-6.32428610274649,3.75135097381551e-17,"Down"
"CKLF-CMTM1","CKLF-CMTM1",2.66193147106805,3.75135097381551e-17,"Up"
"GNAI3","GNAI3",1.47528632034096,3.77485499988439e-17,"Up"
"HMGN1","HMGN1",1.71487528611703,4.02639220405289e-17,"Up"
"PSD","PSD",-2.64494023291513,4.08743625825813e-17,"Down"
"PPP1R16B","PPP1R16B",-4.97735775055654,4.42537318482082e-17,"Down"
"CDK1","CDK1",5.22345691439355,4.44667028661604e-17,"Up"
"STAT4","STAT4",-3.68993829176003,4.58427027128963e-17,"Down"
"SYNPR","SYNPR",-8.14239158278416,4.72158520508502e-17,"Down"
"SNRPG","SNRPG",1.43581792638066,4.76038856346182e-17,"Up"
"SYT12","SYT12",-2.8867990367054,5.04967594910817e-17,"Down"
"SEC61B","SEC61B",1.01981246194904,5.08418057270274e-17,"Up"
"UNC13A","UNC13A",-3.08825458958739,5.08418057270274e-17,"Down"
"HSD17B10","HSD17B10",1.7215754389879,5.19654124640986e-17,"Up"
"MYPOP","MYPOP",-2.42257963370112,5.19654124640986e-17,"Down"
"RUSC2","RUSC2",-2.659935614905,5.99887902063979e-17,"Down"
"ZNF70","ZNF70",2.36663274106528,6.10938241946482e-17,"Up"
"CNTNAP4","CNTNAP4",-4.66917272732137,7.14406194652909e-17,"Down"
"MIR7-3HG","MIR7-3HG",-4.99432660293846,7.37624601115431e-17,"Down"
"KIAA1644","KIAA1644",-5.06241246104392,7.41650408537651e-17,"Down"
"METAP2","METAP2",1.09738340744523,7.61204325167794e-17,"Up"
"RAB40C","RAB40C",-1.71473666539613,8.63655133580161e-17,"Down"
"LOC100132207","LOC100132207",-1.12808110230927,9.18279657495155e-17,"Down"
"SEC11A","SEC11A",1.31816235325036,9.18279657495155e-17,"Up"
"BCDIN3D","BCDIN3D",2.47116373649717,9.56548514391067e-17,"Up"
"RPN2","RPN2",1.36746496832813,9.66649344025231e-17,"Up"
"LOC100506563","LOC100506563",-2.98361576743662,9.86942145245527e-17,"Down"
"E2F5","E2F5",3.26668061243938,1.1336341054954e-16,"Up"
"YWHAH","YWHAH",-2.22573395178081,1.19182369731089e-16,"Down"
"GFOD1","GFOD1",-2.97164111663038,1.36665447194845e-16,"Down"
